stdgCd,lclgvNm,stlckId,stlckRprsPstnNm,stlckDtlPstnNm,stlckCnt,ctpvNm,sggNm,fcltRoadNmAddr,fcltLotnoAddr,lat,lot,wkdyOperBgngTm,wkdyOperEndTm,satOperBgngTm,satOperEndTm,lhldyOperBgngTm,lhldyOperEndTm,freeUtztnHr,instlYmd,custCntrTelno,mngInstNm,mngInstTelno,totCrtrYmd
"1100000000","서울특별시","A042A","서울식물원 서울식물원(1~12)","방문자센터 내부","12","서울특별시","강서구","서울특별시 강서구 마곡동로 161","서울특별시 강서구 마곡동 812 서울식물원","37.5663160000","126.8295810000","050000","010000","050000","010000","050000","000000","000000","20241007","18771265","서울도시철도엔지니어링(주)","18771265","20260410"
"1100000000","서울특별시","A042B","서울식물원 서울식물원(13~26)","온실관 1층 매표소 옆 엘리베이터","14","서울특별시","강서구","서울특별시 강서구 마곡동로 161","서울특별시 강서구 마곡동 812 서울식물원","37.5693290000","126.8356250000","050000","010000","050000","010000","050000","000000","000000","20241007","18771265","서울도시철도엔지니어링(주)","18771265","20260410"
"1100000000","서울특별시","A042C","서울식물원 서울식물원(27~40)","온실관 1층 매표소 옆 엘리베이터","14","서울특별시","강서구","서울특별시 강서구 마곡동로 161","서울특별시 강서구 마곡동 812","37.5692730000","126.8356320000","050000","010000","050000","010000","050000","000000","000000","20241007","18771265","서울도시철도엔지니어링(주)","18771265","20260410"
"1100000000","서울특별시","A042D","서울식물원 서울식물원(41~54)","온실관 2층 내부","14","서울특별시","강서구","서울특별시 강서구 마곡동로 161","서울특별시 강서구 마곡동 812","37.5695970000","126.8351750000","050000","010000","050000","010000","050000","000000","000000","20241007","18771265","서울도시철도엔지니어링(주)","18771265","20260410"
"1100000000","서울특별시","A042E","서울식물원 서울식물원(55~68)","온실관 2층 내부","14","서울특별시","강서구","서울특별시 강서구 마곡동로 161","서울특별시 강서구 마곡동 812","37.5696340000","126.8352700000","050000","010000","050000","010000","050000","000000","000000","20241007","18771265","서울도시철도엔지니어링(주)","18771265","20260410"
"1100000000","서울특별시","TL120","6호선 석계","석계역 B1층 2, 3번 출구 방면","9","서울특별시","노원구","서울특별시 노원구 화랑로 지하347-1","서울특별시 노원구 월계동 25-2 석계역 6호선","37.6151710000","127.0668730000","050000","010000","050000","010000","050000","000000","000000","20241012","18771265","서울도시철도엔지니어링(주)","18771265","20260410"
"1100000000","서울특별시","TL124","1호선 청량리","4번 출입구 계단 밑","17","서울특별시","동대문구","서울특별시 동대문구 왕산로 지하205","서울특별시 동대문구 전농동 620-67 청량리역","37.5804340000","127.0459040000","050000","010000","050000","010000","050000","000000","000000","20241015","18771265","서울도시철도엔지니어링(주)","18771265","20260410"
"1100000000","서울특별시","TL125","1호선 제기동","2번  출구 계단 주변","9","서울특별시","동대문구","서울특별시 동대문구 왕산로 지하93","서울특별시 동대문구 제기동 65 제기동역","37.5783780000","127.0358620000","050000","010000","050000","010000","050000","000000","000000","20241015","18771265","서울도시철도엔지니어링(주)","18771265","20260410"
"1100000000","서울특별시","TL126A","1호선 신설동(1~9)","우이신설 환승입구와 게이트 근처의 ATM 기기 주변","9","서울특별시","동대문구","서울특별시 동대문구 왕산로 지하1","서울특별시 동대문구 신설동 76-5 신설동역","37.5758480000","127.0236090000","050000","010000","050000","010000","050000","000000","000000","20241015","18771265","서울도시철도엔지니어링(주)","18771265","20260410"
"1100000000","서울특별시","TL126B","2호선 신설동(10~18)","10번 출입구 게이트 내부","9","서울특별시","동대문구","서울특별시 동대문구 왕산로 지하1","서울특별시 동대문구 신설동 76-5 신설동역","37.5750480000","127.0244150000","050000","010000","050000","010000","050000","000000","000000","20241015","18771265","서울도시철도엔지니어링(주)","18771265","20260410"
"1100000000","서울특별시","TL127A","1호선 동묘앞(1~9)","3번 출입구 내부 에스컬레이터 주변","9","서울특별시","종로구","서울특별시 종로구 종로 359","서울특별시 종로구 숭인동 117 동묘앞역","37.5732860000","127.0172410000","050000","010000","050000","010000","050000","000000","000000","20241015","18771265","서울도시철도엔지니어링(주)","18771265","20260410"
"1100000000","서울특별시","TL127B","6호선 동묘앞(10~26)","동묘앞역 B1층 4, 7번 출구 방면","17","서울특별시","종로구","서울특별시 종로구 지봉로 지하24","서울특별시 종로구 숭인동 316-3 6호선 동묘앞역","37.5728140000","127.0156170000","050000","010000","050000","010000","050000","000000","000000","20241015","18771265","서울도시철도엔지니어링(주)","18771265","20260410"
"1100000000","서울특별시","TL128A","1호선 동대문(1~25)","1번 출입구 주변","25","서울특별시","종로구","서울특별시 종로구 종로 지하302","서울특별시 종로구 창신동 492-1 1호선 동대문역","37.5716850000","127.0103890000","050000","010000","050000","010000","050000","000000","000000","20241020","18771265","서울도시철도엔지니어링(주)","18771265","20260410"
"1100000000","서울특별시","TL128B","4호선 동대문(26~51)","8번 출입구 주변","26","서울특별시","종로구","서울특별시 종로구 율곡로 지하308","서울특별시 종로구 종로6가 287-1 4호선 동대문역","37.5706730000","127.0093020000","050000","010000","050000","010000","050000","000000","000000","20241020","18771265","서울도시철도엔지니어링(주)","18771265","20260410"
"1100000000","서울특별시","TL128C","4호선 동대문(52~72)","9번 출입구 아이센터(i센터) 주변","21","서울특별시","종로구","서울특별시 종로구 율곡로 지하308","서울특별시 종로구 종로6가 287-1 4호선 동대문역","37.5709080000","127.0092590000","050000","010000","050000","010000","050000","000000","000000","20241020","18771265","서울도시철도엔지니어링(주)","18771265","20260410"
"1100000000","서울특별시","TL129A","1호선 종로5가(1~19)","중앙게이트 주변, ATM,즉석사진기 옆","19","서울특별시","종로구","서울특별시 종로구 종로 지하216","서울특별시 종로구 종로5가 82-1 1호선 종로5가역","37.5709670000","127.0016310000","050000","010000","050000","010000","050000","000000","000000","20241015","18771265","서울도시철도엔지니어링(주)","18771265","20260410"
"1100000000","서울특별시","TL129B","1호선 종로5가(20~32)","중앙게이트 주변, ATM,즉석사진기 옆","13","서울특별시","종로구","서울특별시 종로구 종로 지하216","서울특별시 종로구 종로5가 82-1 1호선 종로5가역","37.5709590000","127.0018150000","050000","010000","050000","010000","050000","000000","000000","20241015","18771265","서울도시철도엔지니어링(주)","18771265","20260410"
"1100000000","서울특별시","TL130A","1호선 종로3가(1~25)","2-1번 출구 주변","25","서울특별시","종로구","서울특별시 종로구 종로 지하129","서울특별시 종로구 종로3가 10-5 1호선 종로3가역","37.5706490000","126.9920680000","050000","010000","050000","010000","050000","000000","000000","20241020","18771265","서울도시철도엔지니어링(주)","18771265","20260410"
"1100000000","서울특별시","TL130B","1호선 종로3가(26~34)","10,11,12,13번 출구 주변 게이트 주변","9","서울특별시","종로구","서울특별시 종로구 종로 지하129","서울특별시 종로구 종로3가 10-5 1호선 종로3가역","37.5705380000","126.9930620000","050000","010000","050000","010000","050000","000000","000000","20241020","18771265","서울도시철도엔지니어링(주)","18771265","20260410"
"1100000000","서울특별시","TL130C","3호선 종로3가(35~51)","2-1번 출입구 근처","17","서울특별시","종로구","서울특별시 종로구 돈화문로 지하30","서울특별시 종로구 묘동 20-5 3호선 종로3가역","37.5709926000","126.9919877000","050000","010000","050000","010000","050000","000000","000000","20241020","18771265","서울도시철도엔지니어링(주)","18771265","20260410"
"1100000000","서울특별시","TL130D","5호선 종로3가(52~68)","종로3가역 B1층 4, 5번 출구 방면 (게이트 주변)","17","서울특별시","종로구","서울특별시 종로구 돈화문로11길 지하26","서울특별시 종로구 돈의동 39-1 5호선 종로3가역","37.5724690000","126.9887070000","050000","010000","050000","010000","050000","000000","000000","20241020","18771265","서울도시철도엔지니어링(주)","18771265","20260410"
"1100000000","서울특별시","TL131A","1호선 종각(1~25)","4번 출구 주변","25","서울특별시","종로구","서울특별시 종로구 종로 지하55","서울특별시 종로구 종로1가 54 종각지하철역사","37.5701450000","126.9836040000","050000","010000","050000","010000","050000","000000","000000","20241022","18771265","서울도시철도엔지니어링(주)","18771265","20260410"
"1100000000","서울특별시","TL131B","1호선 종각(26~50)","3번 출구 주변 게이트","25","서울특별시","종로구","서울특별시 종로구 종로 지하55","서울특별시 종로구 종로1가 54 종각지하철역사","37.5702130000","126.9830720000","050000","010000","050000","010000","050000","000000","000000","20241022","18771265","서울도시철도엔지니어링(주)","18771265","20260410"
"1100000000","서울특별시","TL132A","1호선 시청(1~28)","2,3번 출구 주변","28","서울특별시","중구","서울특별시 중구 세종대로 지하101","서울특별시 중구 정동 5-5 시청역 1호선","37.5655790000","126.9770620000","050000","010000","050000","010000","050000","000000","000000","20241025","18771265","서울도시철도엔지니어링(주)","18771265","20260410"
"1100000000","서울특별시","TL132B","1호선 시청(29~44)","1번 출구 주변","16","서울특별시","중구","서울특별시 중구 세종대로 지하101","서울특별시 중구 정동 5-5 시청역 1호선","37.5648670000","126.9770070000","050000","010000","050000","010000","050000","000000","000000","20241025","18771265","서울도시철도엔지니어링(주)","18771265","20260410"
"1100000000","서울특별시","TL132C","2호선 시청(45~69)","8번 출구 → 1호선환승 방향","25","서울특별시","중구","서울특별시 중구 서소문로 지하127","서울특별시 중구 서소문동 90-1 시청역 2호선","37.5638590000","126.9764020000","050000","010000","050000","010000","050000","000000","000000","20241025","18771265","서울도시철도엔지니어링(주)","18771265","20260410"
"1100000000","서울특별시","TL133A","1호선 서울역(1~22)","1호선 1번 출구입 주변","22","서울특별시","중구","서울특별시 중구 세종대로 지하2","서울특별시 중구 남대문로5가 73-6 서울역 1호선","37.5552956400","126.9720383200","050000","010000","050000","010000","050000","000000","000000","20241023","18771265","서울도시철도엔지니어링(주)","18771265","20260410"
"1100000000","서울특별시","TL133B","1호선 서울역(23~44)","2,3번 출입구 복도 사이","22","서울특별시","중구","서울특별시 중구 세종대로 지하2","서울특별시 중구 남대문로5가 73-6 서울역 1호선","37.5566780000","126.9725250000","050000","010000","050000","010000","050000","000000","000000","20241023","18771265","서울도시철도엔지니어링(주)","18771265","20260410"
"1100000000","서울특별시","TL133C","1호선 서울역(45~64)","2,3번 출입구 복도 사이/화장실 주변","20","서울특별시","중구","서울특별시 중구 세종대로 지하2","서울특별시 중구 남대문로5가 73-6 서울역 1호선","37.5562180000","126.9724280000","050000","010000","050000","010000","050000","000000","000000","20241023","18771265","서울도시철도엔지니어링(주)","18771265","20260410"
"1100000000","서울특별시","TL133D","4호선 서울역(65~90)","11,14번 출입구 주변","26","서울특별시","용산구","서울특별시 용산구 한강대로 지하392","서울특별시 용산구 동자동 14-151 4호선 서울역","37.5533360000","126.9727650000","050000","010000","050000","010000","050000","000000","000000","20241023","18771265","서울도시철도엔지니어링(주)","18771265","20260410"
"1100000000","서울특별시","TL145","7호선 온수","온수역 B1층 고객상담실 주변(민원발급기 옆)","13","서울특별시","구로구","서울특별시 구로구 경인로3길 지하64","서울특별시 구로구 온수동 119 7호선 온수역","37.4922560000","126.8226520000","050000","010000","050000","010000","050000","000000","000000","20240930","18771265","서울도시철도엔지니어링(주)","18771265","20260410"
"1100000000","서울특별시","TL202A","2호선 을지로입구(1~25)","중앙 게이트 주변","25","서울특별시","중구","서울특별시 중구 을지로 지하42","서울특별시 중구 을지로1가 100-1 을지로입구역 2호선","37.5659910000","126.9821180000","050000","010000","050000","010000","050000","000000","000000","20230322","18771265","서울도시철도엔지니어링(주)","18771265","20260410"
"1100000000","서울특별시","TL202B","2호선 을지로입구(26~50)","3,4번 출입구 방향 통로","25","서울특별시","중구","서울특별시 중구 을지로 지하42","서울특별시 중구 을지로1가 100-1 을지로입구역 2호선","37.5661360000","126.9830750000","050000","010000","050000","010000","050000","000000","000000","20230322","18771265","서울도시철도엔지니어링(주)","18771265","20260410"
"1100000000","서울특별시","TL203A","2호선 을지로3가(1~26)","게이트 통로 상가 주변","26","서울특별시","중구","서울특별시 중구 을지로 지하106","서울특별시 중구 을지로3가 347-3 을지로3가역 2호선","37.5662860000","126.9910190000","050000","010000","050000","010000","050000","000000","000000","20241017","18771265","서울도시철도엔지니어링(주)","18771265","20260410"
"1100000000","서울특별시","TL203B","3호선 을지로3가(27~39)","9번 출입구 게이트 주변","13","서울특별시","중구","서울특별시 중구 을지로 지하129","서울특별시 중구 을지로3가 347-3 을지로3가역 2호선","37.5657720000","126.9926070000","050000","010000","050000","010000","050000","000000","000000","20241017","18771265","서울도시철도엔지니어링(주)","18771265","20260410"
"1100000000","서울특별시","TL204A","2호선 을지로4가(1~13)","지하1층 1,2번 출구 방향 화장실 주변","13","서울특별시","중구","서울특별시 중구 을지로 지하178","서울특별시 중구 을지로4가 267-1 을지로4가역 2호선","37.5667360000","126.9979620000","050000","010000","050000","010000","050000","000000","000000","20241017","18771265","서울도시철도엔지니어링(주)","18771265","20260410"
"1100000000","서울특별시","TL204B","5호선 을지로4가(14~26)","을지로4가역 B1층 편의점(7-ELEVEN) 주변(1,2번출구)","13","서울특별시","중구","서울특별시 중구 창경궁로 지하51","서울특별시 중구 주교동 191 을지로4가역 5호선","37.5668580000","126.9980950000","050000","010000","050000","010000","050000","000000","000000","20241017","18771265","서울도시철도엔지니어링(주)","18771265","20260410"
"1100000000","서울특별시","TL205A","2호선 동대문역사문화공원(1~36)","1번 출입구 주변","36","서울특별시","중구","서울특별시 중구 을지로 지하279","서울특별시 중구 을지로7가 112-3 동대문역사문화공원역 2호선","37.5659250000","127.0084630000","050000","010000","050000","010000","050000","000000","000000","20230322","18771265","서울도시철도엔지니어링(주)","18771265","20260410"
"1100000000","서울특별시","TL205B","2호선 동대문역사문화공원(37~60)","1번 출입구, 상가 주변","24","서울특별시","중구","서울특별시 중구 을지로 지하279","서울특별시 중구 을지로 지하279","37.5658880000","127.0080660000","050000","010000","050000","010000","050000","000000","000000","20230322","18771265","서울도시철도엔지니어링(주)","18771265","20260410"
"1100000000","서울특별시","TL205C","4호선 동대문역사문화공원(61~88)","4호선 게이트 화장실 주변","28","서울특별시","중구","서울특별시 중구 장충단로 지하230","서울특별시 중구 광희동2가 9 동대문역사문화공원역 4호선","37.5654050000","127.0079650000","050000","010000","050000","010000","050000","000000","000000","20230322","18771265","서울도시철도엔지니어링(주)","18771265","20260410"
"1100000000","서울특별시","TL205D","5호선 동대문역사문화공원(89~97)","동대문역사문화공원역 B2층 게이트 주변(6,7번출구)","9","서울특별시","중구","서울특별시 중구 마른내로 지하162","서울특별시 중구 광희동1가 235-6 동대문역사문화공원역 5호선","37.5647280000","127.0046970000","050000","010000","050000","010000","050000","000000","000000","20230322","18771265","서울도시철도엔지니어링(주)","18771265","20260410"
"1100000000","서울특별시","TL206A","2호선 신당(1~13)","2,3번 출구 사이 복도","13","서울특별시","중구","서울특별시 중구 퇴계로 지하431-1","서울특별시 중구 신당동 99 신당역 2호선","37.5656720000","127.0199970000","050000","010000","050000","010000","050000","000000","000000","20241016","18771265","서울도시철도엔지니어링(주)","18771265","20260410"
"1100000000","서울특별시","TL206B","6호선 신당(14~22)","신당역 B1층 11, 12번 출구 방면","9","서울특별시","중구","서울특별시 중구 다산로 지하260","서울특별시 중구 흥인동 162-1 신당역 6호선","37.5661540000","127.0162000000","050000","010000","050000","010000","050000","000000","000000","20241016","18771265","서울도시철도엔지니어링(주)","18771265","20260410"
"1100000000","서울특별시","TL207","2호선 상왕십리","2,3,4번 출구 사이 복도","9","서울특별시","성동구","서울특별시 성동구 왕십리로 지하374","서울특별시 성동구 하왕십리동 946-14 상왕십리역","37.5641590000","127.0298490000","050000","010000","050000","010000","050000","000000","000000","20241016","18771265","서울도시철도엔지니어링(주)","18771265","20260410"
"1100000000","서울특별시","TL208A","2호선 왕십리(1~17)","3번 출입구 주변","17","서울특별시","성동구","서울특별시 성동구 왕십리로 지하300","서울특별시 성동구 행당동 192 왕십리역","37.5612360000","127.0366380000","050000","010000","050000","010000","050000","000000","000000","20230322","18771265","서울도시철도엔지니어링(주)","18771265","20260410"
"1100000000","서울특별시","TL208B","5호선 왕십리(18~30)","왕십리역 B1층 4, 5번 출구 방면","13","서울특별시","성동구","서울특별시 성동구 왕십리로 지하300","서울특별시 성동구 행당동 192 왕십리역","37.5613640000","127.0373840000","050000","010000","050000","010000","050000","000000","000000","20240905","18771265","서울도시철도엔지니어링(주)","18771265","20260410"
"1100000000","서울특별시","TL208C","5호선 왕십리(31~43)","6번출구 방향","13","서울특별시","성동구","서울특별시 성동구 왕십리로 지하300","서울특별시 성동구 행당동 192 왕십리역","37.5612460000","127.0388870000","050000","010000","050000","010000","050000","000000","000000","20240905","18771265","서울도시철도엔지니어링(주)","18771265","20260410"
"1100000000","서울특별시","TL209","2호선 한양대","2,4번 출입구 주변","9","서울특별시","성동구","서울특별시 성동구 왕십리로 206","서울특별시 성동구 행당동 산17 한양대역","37.5559460000","127.0437250000","050000","010000","050000","010000","050000","000000","000000","20240909","18771265","서울도시철도엔지니어링(주)","18771265","20260410"
"1100000000","서울특별시","TL210A","2호선 뚝섬","1,2,7,8번 출입구 주변","39","서울특별시","성동구","서울특별시 성동구 아차산로 18","서울특별시 성동구 성수동1가 656-745 뚝섬역","37.5475030000","127.0466250000","050000","010000","050000","010000","050000","000000","000000","20230322","18771265","서울도시철도엔지니어링(주)","18771265","20260410"
"1100000000","서울특별시","TL2111","2호선 용답","1,2번 출입구 사이 게이트 주변","9","서울특별시","성동구","서울특별시 성동구 용답길 86","서울특별시 성동구 용답동 127 용답역","37.5622640000","127.0508010000","050000","010000","050000","010000","050000","000000","000000","20241025","18771265","서울도시철도엔지니어링(주)","18771265","20260410"
"1100000000","서울특별시","TL2112","2호선 신답","1번 출입구 주변 게이트 주변","9","서울특별시","성동구","서울특별시 성동구 천호대로 232","서울특별시 성동구 용답동 129-2 신답역","37.5701100000","127.0468940000","050000","010000","050000","010000","050000","000000","000000","20241015","18771265","서울도시철도엔지니어링(주)","18771265","20260410"
"1100000000","서울특별시","TL2113","2호선 용두","1번 출입구에서 3번 출입구 사이 통로","9","서울특별시","동대문구","서울특별시 동대문구 천호대로 지하129","서울특별시 동대문구 용두동 47-1 용두역","37.5741470000","127.0381820000","050000","010000","050000","010000","050000","000000","000000","20241025","18771265","서울도시철도엔지니어링(주)","18771265","20260410"
"1100000000","서울특별시","TL211A","2호선 성수(1~28)","1,4번 출입구 주변","28","서울특별시","성동구","서울특별시 성동구 아차산로 100","서울특별시 성동구 성수동2가 300-1 성수역","37.5448440000","127.0551140000","050000","010000","050000","010000","050000","000000","000000","20230322","18771265","서울도시철도엔지니어링(주)","18771265","20260410"
"1100000000","서울특별시","TL211B","2호선 성수(29~45)","3번출구 주변 꽃집, 신발가계 사이","17","서울특별시","성동구","서울특별시 성동구 아차산로 100","서울특별시 성동구 성수동2가 300-1 성수역","37.5443670000","127.0566570000","050000","010000","050000","010000","050000","000000","000000","20230531","18771265","서울도시철도엔지니어링(주)","18771265","20260410"
"1100000000","서울특별시","TL212A","2호선 건대입구(1~22)","6번 출입구 주변","22","서울특별시","광진구","서울특별시 광진구 아차산로 243","서울특별시 광진구 화양동 7-3 2호선 건대입구역","37.5405850000","127.0686240000","050000","010000","050000","010000","050000","000000","000000","20230322","18771265","서울도시철도엔지니어링(주)","18771265","20260410"
"1100000000","서울특별시","TL212B","2호선 건대입구(23~44)","2번 출입구 주변","22","서울특별시","광진구","서울특별시 광진구 아차산로 243","서울특별시 광진구 화양동 7-3 2호선 건대입구역","37.5401830000","127.0702930000","050000","010000","050000","010000","050000","000000","000000","20230322","18771265","서울도시철도엔지니어링(주)","18771265","20260410"
"1100000000","서울특별시","TL212C","2호선 건대입구(45~66)","5번 출입구 주변","22","서울특별시","광진구","서울특별시 광진구 아차산로 243","서울특별시 광진구 화양동 7-3 2호선 건대입구역","37.5399800000","127.0701180000","050000","010000","050000","010000","050000","000000","000000","20230322","18771265","서울도시철도엔지니어링(주)","18771265","20260410"
"1100000000","서울특별시","TL212D","7호선 건대입구(67~79)","건대입구역 B2층 3번 출구 방면(편의점(GS25) 주변)","13","서울특별시","광진구","서울특별시 광진구 능동로 지하110","서울특별시 광진구 화양동 6-3 7호선 건대입구역","37.5406730000","127.0711800000","050000","010000","050000","010000","050000","000000","000000","20230322","18771265","서울도시철도엔지니어링(주)","18771265","20260410"
"1100000000","서울특별시","TL212E","7호선 건대입구(80~105)","건대입구역 2층 환승(2→7)통로 (운임지역 내, 2번 출구)","26","서울특별시","광진구","서울특별시 광진구 능동로 지하110","서울특별시 광진구 화양동 6-3 7호선 건대입구역","37.5403520000","127.0698170000","050000","010000","050000","010000","050000","000000","000000","20230322","18771265","서울도시철도엔지니어링(주)","18771265","20260410"
"1100000000","서울특별시","TL213","2호선 구의","1,4번 출입구, 서비스센터 맞은편","13","서울특별시","광진구","서울특별시 광진구 아차산로 384-1","서울특별시 광진구 구의동 245-24 2호선 구의역","37.5371180000","127.0858390000","050000","010000","050000","010000","050000","000000","000000","20241012","18771265","서울도시철도엔지니어링(주)","18771265","20260410"
"1100000000","서울특별시","TL214A","2호선 강변(1~21)","화장실 맞은편","21","서울특별시","광진구","서울특별시 광진구 강변역로 53","서울특별시 광진구 구의동 546-6 2호선 강변역","37.5349540000","127.0947580000","050000","010000","050000","010000","050000","000000","000000","20230322","18771265","서울도시철도엔지니어링(주)","18771265","20260410"
"1100000000","서울특별시","TL214B","2호선 강변(22~59)","3번 출입구 주변","38","서울특별시","광진구","서울특별시 광진구 강변역로 53","서울특별시 광진구 구의동 546-6 2호선 강변역","37.5348540000","127.0949270000","050000","010000","050000","010000","050000","000000","000000","20230322","18771265","서울도시철도엔지니어링(주)","18771265","20260410"
"1100000000","서울특별시","TL215","2호선 잠실나루","2,3번 출입구 주변","13","서울특별시","송파구","서울특별시 송파구 오금로 20","서울특별시 송파구 신천동 15 잠실나루역","37.5207360000","127.1038460000","050000","010000","050000","010000","050000","000000","000000","20240909","18771265","서울도시철도엔지니어링(주)","18771265","20260410"
"1100000000","서울특별시","TL216A","2호선 잠실(1~47)","1,2번 출입구 주변","47","서울특별시","송파구","서울특별시 송파구 올림픽로 지하265","서울특별시 송파구 신천동 8 잠실역2호선","37.5133880000","127.1010570000","050000","010000","050000","010000","050000","000000","000000","20230322","18771265","서울도시철도엔지니어링(주)","18771265","20260410"
"1100000000","서울특별시","TL216B","2호선 잠실(48~73)","1,2번 출입구 주변","26","서울특별시","송파구","서울특별시 송파구 올림픽로 지하265","서울특별시 송파구 신천동 8 잠실역2호선","37.5133470000","127.1010800000","050000","010000","050000","010000","050000","000000","000000","20230322","18771265","서울도시철도엔지니어링(주)","18771265","20260410"
"1100000000","서울특별시","TL216C","2호선 잠실(74~95)","1,2번 출입구에서 3,4번  출입구 방향 통로 내부","22","서울특별시","송파구","서울특별시 송파구 올림픽로 지하265","서울특별시 송파구 신천동 8 잠실역2호선","37.5133120000","127.1010990000","050000","010000","050000","010000","050000","000000","000000","20230322","18771265","서울도시철도엔지니어링(주)","18771265","20260410"
"1100000000","서울특별시","TL216D","2호선 잠실(96~108)","1,2번 출입구에서 3,4번  출입구 방향 통로 내부","13","서울특별시","송파구","서울특별시 송파구 올림픽로 지하265","서울특별시 송파구 신천동 8 잠실역2호선","37.5129680000","127.1000480000","050000","010000","050000","010000","050000","000000","000000","20230322","18771265","서울도시철도엔지니어링(주)","18771265","20260410"
"1100000000","서울특별시","TL216F","8호선 잠실(109~125)","잠실역 B1층 10, 11번 출구 방면 (통로)","17","서울특별시","송파구","서울특별시 송파구 올림픽로 305","서울특별시 송파구 신천동 7-4 잠실역8호선","37.5147960000","127.1047320000","050000","010000","050000","010000","050000","000000","000000","20230322","18771265","서울도시철도엔지니어링(주)","18771265","20260410"
"1100000000","서울특별시","TL217","2호선 잠실새내","7번 출입구 주변","21","서울특별시","송파구","서울특별시 송파구 올림픽로 지하140","서울특별시 송파구 잠실동 33 잠실새내역","37.5116410000","127.0860810000","050000","010000","050000","010000","050000","000000","000000","20240919","18771265","서울도시철도엔지니어링(주)","18771265","20260410"
"1100000000","서울특별시","TL218A","2호선 2호선 종합운동장(1~39)","5번 출입구 주변","39","서울특별시","송파구","서울특별시 송파구 올림픽로 지하23","서울특별시 송파구 잠실동 122 종합운동장역","37.5110840000","127.0732360000","050000","010000","050000","010000","050000","000000","000000","20230322","18771265","서울도시철도엔지니어링(주)","18771265","20260410"
"1100000000","서울특별시","TL218B","2호선 2호선 종합운동장(40~92)","6번 출입구 주변","53","서울특별시","송파구","서울특별시 송파구 올림픽로 지하23","서울특별시 송파구 잠실동 122 종합운동장역","37.5114850000","127.0733540000","050000","010000","050000","010000","050000","000000","000000","20230322","18771265","서울도시철도엔지니어링(주)","18771265","20260410"
"1100000000","서울특별시","TL219A","2호선 삼성(1~30)","3,4,5,6번 출입구 방향 통로(역무실 맞은편)","30","서울특별시","강남구","서울특별시 강남구 테헤란로 지하538","서울특별시 강남구 삼성동 172-66 삼성역","37.5088250000","127.0627250000","050000","010000","050000","010000","050000","000000","000000","20230322","18771265","서울도시철도엔지니어링(주)","18771265","20260410"
"1100000000","서울특별시","TL219B","2호선 삼성(31~47)","1,2,7,8번 출입구 방향 통로","17","서울특별시","강남구","서울특별시 강남구 테헤란로 지하538","서울특별시 강남구 삼성동 172-66 삼성역","37.5089860000","127.0636970000","050000","010000","050000","010000","050000","000000","000000","20230322","18771265","서울도시철도엔지니어링(주)","18771265","20260410"
"1100000000","서울특별시","TL219C","2호선 삼성(48~64)","3,4번 출입구 방향 통로","17","서울특별시","강남구","서울특별시 강남구 테헤란로 지하538","서울특별시 강남구 삼성동 172-66 삼성역","37.5085810000","127.0626900000","050000","010000","050000","010000","050000","000000","000000","20230322","18771265","서울도시철도엔지니어링(주)","18771265","20260410"
"1100000000","서울특별시","TL220A","2호선 선릉(1~17)","1,10번 출입구 방향 게이트 주변","17","서울특별시","강남구","서울특별시 강남구 테헤란로 지하340","서울특별시 강남구 삼성동 172-66 선릉역","37.5047370000","127.0495060000","050000","010000","050000","010000","050000","000000","000000","20240922","18771265","서울도시철도엔지니어링(주)","18771265","20260410"
"1100000000","서울특별시","TL220B","2호선 선릉(18~34)","5번 출입구에서 10번 출입구 방향","17","서울특별시","강남구","서울특별시 강남구 테헤란로 지하340","서울특별시 강남구 삼성동 172-66 선릉역","37.5043440000","127.0482370000","050000","010000","050000","010000","050000","000000","000000","20240922","18771265","서울도시철도엔지니어링(주)","18771265","20260410"
"1100000000","서울특별시","TL221","2호선 역삼","3,4번 출입구 통로","30","서울특별시","강남구","서울특별시 강남구 테헤란로 지하156","서울특별시 강남구 역삼동 804 역삼역","37.5005080000","127.0358280000","050000","010000","050000","010000","050000","000000","000000","20230322","18771265","서울도시철도엔지니어링(주)","18771265","20260410"
"1100000000","서울특별시","TL222A","2호선 강남(1~52)","1번 출입구 통로","52","서울특별시","강남구","서울특별시 강남구 강남대로 지하396","서울특별시 강남구 역삼동 858 강남역","37.4981300000","127.0284030000","050000","010000","050000","010000","050000","000000","000000","20230317","18771265","서울도시철도엔지니어링(주)","18771265","20260410"
"1100000000","서울특별시","TL222B","2호선 강남(53~78)","1,12번 출입구 통로 상가 맞은편","26","서울특별시","강남구","서울특별시 강남구 강남대로 지하396","서울특별시 강남구 역삼동 858 강남역","37.4980760000","127.0279850000","050000","010000","050000","010000","050000","000000","000000","20230322","18771265","서울도시철도엔지니어링(주)","18771265","20260410"
"1100000000","서울특별시","TL223A","2호선 교대(1~22)","지하1층 6,7번 출구 주변","22","서울특별시","서초구","서울특별시 서초구 서초대로 지하294","서울특별시 서초구 서초동 1748-4 교대역","37.4938660000","127.0139570000","050000","010000","050000","010000","050000","000000","000000","20240925","18771265","서울도시철도엔지니어링(주)","18771265","20260410"
"1100000000","서울특별시","TL223B","3호선 교대(23~35)","지하 1층 12,13번 출입구 사이 화장실 주변","13","서울특별시","서초구","서울특별시 서초구 서초대로 지하294","서울특별시 서초구 서초동 1748-4 교대역","37.4932610000","127.0136460000","050000","010000","050000","010000","050000","000000","000000","20240925","18771265","서울도시철도엔지니어링(주)","18771265","20260410"
"1100000000","서울특별시","TL224","2호선 서초","지하1층 8번 출구 주변","13","서울특별시","서초구","서울특별시 서초구 서초대로 지하233","서울특별시 서초구 서초동 1748-5 서초역","37.4920810000","127.0079230000","050000","010000","050000","010000","050000","000000","000000","20240925","18771265","서울도시철도엔지니어링(주)","18771265","20260410"
"1100000000","서울특별시","TL225","2호선 방배","지하1층 4번 출구 주변","13","서울특별시","서초구","서울특별시 서초구 방배로 지하80","서울특별시 서초구 방배동 912-14 방배역","37.4816780000","126.9979330000","050000","010000","050000","010000","050000","000000","000000","20240925","18771265","서울도시철도엔지니어링(주)","18771265","20260410"
"1100000000","서울특별시","TL226A","2호선 사당(1~26)","지하1층 13,14번 출구 방향 편의점 맞은편","26","서울특별시","동작구","서울특별시 동작구 남부순환로 지하2089","서울특별시 동작구 사당동 1129 사당역(2호선)","37.4766920000","126.9821250000","050000","010000","050000","010000","050000","000000","000000","20240924","18771265","서울도시철도엔지니어링(주)","18771265","20260410"
"1100000000","서울특별시","TL226B","4호선 사당(27~39)","지하 1층 11,12번 출입구에서 3,4번 출입구 가는 통로","13","서울특별시","동작구","서울특별시 동작구 동작대로 지하3","서울특별시 동작구 사당동 1129 사당역(2호선)","37.4769780000","126.9815910000","050000","010000","050000","010000","050000","000000","000000","20240924","18771265","서울도시철도엔지니어링(주)","18771265","20260410"
"1100000000","서울특별시","TL226C","4호선 사당(40~52)","지하 1층 12번 출입구 주변","13","서울특별시","동작구","서울특별시 동작구 동작대로 지하3","서울특별시 동작구 사당동 1129 사당역(2호선)","37.4779630000","126.9819060000","050000","010000","050000","010000","050000","000000","000000","20240924","18771265","서울도시철도엔지니어링(주)","18771265","20260410"
"1100000000","서울특별시","TL227","2호선 낙성대","7,8번 출입구 주변","13","서울특별시","관악구","서울특별시 관악구 남부순환로 지하1928","서울특별시 관악구 봉천동 1693-39","37.4769720000","126.9639410000","050000","010000","050000","010000","050000","000000","000000","20240929","18771265","서울도시철도엔지니어링(주)","18771265","20260410"
"1100000000","서울특별시","TL228","2호선 서울대입구","5,6번 출입구 주변 화장실 주변","22","서울특별시","관악구","서울특별시 관악구 남부순환로 지하1822","서울특별시 관악구 봉천동 979-2","37.4812740000","126.9526250000","050000","010000","050000","010000","050000","000000","000000","20240929","18771265","서울도시철도엔지니어링(주)","18771265","20260410"
"1100000000","서울특별시","TL229","2호선 봉천","4번 출입구 주변","13","서울특별시","관악구","서울특별시 관악구 남부순환로 지하1721","서울특별시 관악구 봉천동 979-7","37.4826850000","126.9410960000","050000","010000","050000","010000","050000","000000","000000","20240929","18771265","서울도시철도엔지니어링(주)","18771265","20260410"
"1100000000","서울특별시","TL230A","2호선 신림(1~21)","3,4번 출입구 주변(아이센터 주변)","21","서울특별시","관악구","서울특별시 관악구 남부순환로 지하1614","서울특별시 관악구 신림동 1467-10","37.4842150000","126.9296730000","050000","010000","050000","010000","050000","000000","000000","20230322","18771265","서울도시철도엔지니어링(주)","18771265","20260410"
"1100000000","서울특별시","TL230B","2호선 신림(22~50)","1,8번 출입구 사이 벽면","29","서울특별시","관악구","서울특별시 관악구 남부순환로 지하1614","서울특별시 관악구 신림동 1467-10","37.4842870000","126.9301800000","050000","010000","050000","010000","050000","000000","000000","20230322","18771265","서울도시철도엔지니어링(주)","18771265","20260410"
"1100000000","서울특별시","TL231","2호선 신대방","1번 출입구 주변","13","서울특별시","동작구","서울특별시 동작구 대림로 2","서울특별시 동작구 신대방동 643-1 신대방역2호선","37.4873370000","126.9130520000","050000","010000","050000","010000","050000","000000","000000","20240930","18771265","서울도시철도엔지니어링(주)","18771265","20260410"
"1100000000","서울특별시","TL232","2호선 구로디지탈단지","6번 출입구 주변","17","서울특별시","구로구","서울특별시 구로구 도림천로 477","서울특별시 구로구 구로동 810-3 구로디지털단지역","37.4851290000","126.9025230000","050000","010000","050000","010000","050000","000000","000000","20240930","18771265","서울도시철도엔지니어링(주)","18771265","20260410"
"1100000000","서울특별시","TL233A","2호선 대림(1~17)","1,2번 출입구 통로","17","서울특별시","구로구","서울특별시 구로구 도림천로 351","서울특별시 구로구 구로동 1204 대림역","37.4925820000","126.8952060000","050000","010000","050000","010000","050000","000000","000000","20240930","18771265","서울도시철도엔지니어링(주)","18771265","20260410"
"1100000000","서울특별시","TL233B","7호선 대림(18~30)","대림역 B1층 게이트 주변 (9, 10번 출구)","13","서울특별시","영등포구","서울특별시 영등포구 도림로 지하137","서울특별시 영등포구 대림동 1050-17 대림역","37.4932040000","126.8971640000","050000","010000","050000","010000","050000","000000","000000","20240930","18771265","서울도시철도엔지니어링(주)","18771265","20260410"
"1100000000","서울특별시","TL2341","2호선 도림천","1번 출입구 게이트 주변","9","서울특별시","구로구","서울특별시 구로구 경인로67길 160","서울특별시 구로구 신도림동 323-16 도림천역","37.5143950000","126.8827670000","050000","010000","050000","010000","050000","000000","000000","20241003","18771265","서울도시철도엔지니어링(주)","18771265","20260410"
"1100000000","서울특별시","TL2342","2호선 양천구청","2번 출입구 상가(던킨도너츠) 주변","9","서울특별시","양천구","서울특별시 양천구 목동로3길 지하33","서울특별시 양천구 신정동 276-7 양천구청역","37.5125010000","126.8657130000","050000","010000","050000","010000","050000","000000","000000","20241003","18771265","서울도시철도엔지니어링(주)","18771265","20260410"
"1100000000","서울특별시","TL2343","2호선 신정네거리","3번 출입구 주변","9","서울특별시","양천구","서울특별시 양천구 중앙로 지하261","서울특별시 양천구 신정동 1231 신정네거리역","37.5206040000","126.8526660000","050000","010000","050000","010000","050000","000000","000000","20241003","18771265","서울도시철도엔지니어링(주)","18771265","20260410"
"1100000000","서울특별시","TL234A","2호선 신도림(1~32)","1번 출입구 외부문 주변","32","서울특별시","구로구","서울특별시 구로구 새말로 지하117-21","서울특별시 구로구 신도림동 460-26 2호선 신도림역","37.5092530000","126.8905850000","050000","010000","050000","010000","050000","000000","000000","20241001","18771265","서울도시철도엔지니어링(주)","18771265","20260410"
"1100000000","서울특별시","TL234B","2호선 신도림(33~53)","2번 출입구 주변","21","서울특별시","구로구","서울특별시 구로구 새말로 지하117-21","서울특별시 구로구 신도림동 460-26 2호선 신도림역","37.5079880000","126.8915190000","050000","010000","050000","010000","050000","000000","000000","20241001","18771265","서울도시철도엔지니어링(주)","18771265","20260410"
"1100000000","서울특별시","TL234C","2호선 신도림(54~79)","1번 출입구 게이트 내부 상가 주변","26","서울특별시","구로구","서울특별시 구로구 새말로 지하117-21","서울특별시 구로구 신도림동 460-26 2호선 신도림역","37.5091470000","126.8910580000","050000","010000","050000","010000","050000","000000","000000","20241001","18771265","서울도시철도엔지니어링(주)","18771265","20260410"
"1100000000","서울특별시","TL235","2호선 문래","2번 출입구 통로","9","서울특별시","영등포구","서울특별시 영등포구 당산로 지하28","서울특별시 영등포구 문래동3가 68-1 문래역","37.5184440000","126.8948630000","050000","010000","050000","010000","050000","000000","000000","20241001","18771265","서울도시철도엔지니어링(주)","18771265","20260410"
"1100000000","서울특별시","TL236A","2호선 영등포구청(1~13)","3번 출입구 게이트 내부 계단 주변","13","서울특별시","영등포구","서울특별시 영등포구 당산로 지하121","서울특별시 영등포구 당산동3가 270-1 영등포구청역","37.5261010000","126.8966150000","050000","010000","050000","010000","050000","000000","000000","20241003","18771265","서울도시철도엔지니어링(주)","18771265","20260410"
"1100000000","서울특별시","TL236B","5호선 영등포구청(14~22)","영등포구청역 B4층 게이트 주변(6,7번출구)","9","서울특별시","영등포구","서울특별시 영등포구 양산로 지하116","서울특별시 영등포구 당산동3가 556-1 영등포구청역","37.5241830000","126.8955240000","050000","010000","050000","010000","050000","000000","000000","20241003","18771265","서울도시철도엔지니어링(주)","18771265","20260410"
"1100000000","서울특별시","TL237","2호선 당산","1,2번 출입구 주변","13","서울특별시","영등포구","서울특별시 영등포구 당산로 229","서울특별시 영등포구 당산동6가 323-1 당산역","37.5344180000","126.9021460000","050000","010000","050000","010000","050000","000000","000000","20241001","18771265","서울도시철도엔지니어링(주)","18771265","20260410"
"1100000000","서울특별시","TL238A","2호선 합정(1~25)","1,2,3,4번 출입구 주변","25","서울특별시","마포구","서울특별시 마포구 양화로 지하55","서울특별시 마포구 서교동 393 합정역","37.5506820000","126.9154390000","050000","010000","050000","010000","050000","000000","000000","20230322","18771265","서울도시철도엔지니어링(주)","18771265","20260410"
"1100000000","서울특별시","TL238B","6호선 합정(26~50)","합정역 B1층 5, 6번 출구 방면 (즉석사진기 주변)","25","서울특별시","마포구","서울특별시 마포구 양화로 지하45","서울특별시 마포구 합정동 414 합정역","37.5492840000","126.9139310000","050000","010000","050000","010000","050000","000000","000000","20230322","18771265","서울도시철도엔지니어링(주)","18771265","20260410"
"1100000000","서울특별시","TL239A","2호선 홍대입구(1~33)","2,8번 출입구 주변","33","서울특별시","마포구","서울특별시 마포구 양화로 지하160","서울특별시 마포구 동교동 165 홍대입구역","37.5567450000","126.9237440000","050000","010000","050000","010000","050000","000000","000000","20230322","18771265","서울도시철도엔지니어링(주)","18771265","20260410"
"1100000000","서울특별시","TL239B","2호선 홍대입구(34~65)","2,8번 출입구 주변","32","서울특별시","마포구","서울특별시 마포구 양화로 지하160","서울특별시 마포구 동교동 165 홍대입구역","37.5566970000","126.9236820000","050000","010000","050000","010000","050000","000000","000000","20230322","18771265","서울도시철도엔지니어링(주)","18771265","20260410"
"1100000000","서울특별시","TL239C","2호선 홍대입구(66~113)","2,8번 출입구 게이트 맞은편 화장실 주변","48","서울특별시","마포구","서울특별시 마포구 양화로 지하160","서울특별시 마포구 동교동 165 홍대입구역","37.5573850000","126.9245480000","050000","010000","050000","010000","050000","000000","000000","20230322","18771265","서울도시철도엔지니어링(주)","18771265","20260410"
"1100000000","서울특별시","TL239D","2호선 홍대입구(114~143)","2,8번 출입구 게이트 맞은편","30","서울특별시","마포구","서울특별시 마포구 양화로 지하160","서울특별시 마포구 동교동 165 홍대입구역","37.5575760000","126.9246660000","050000","010000","050000","010000","050000","000000","000000","20230322","18771265","서울도시철도엔지니어링(주)","18771265","20260410"
"1100000000","서울특별시","TL239E","2호선 홍대입구(144~171)","2번에서 3번 출입구 복도 사이","28","서울특별시","마포구","서울특별시 마포구 양화로 지하160","서울특별시 마포구 동교동 165 홍대입구역","37.5575370000","126.9246060000","050000","010000","050000","010000","050000","000000","000000","20230322","18771265","서울도시철도엔지니어링(주)","18771265","20260410"
"1100000000","서울특별시","TL240A","2호선 신촌(1~22)","지하1층  백화점 연결통로 주변","22","서울특별시","마포구","서울특별시 마포구 신촌로 지하90","서울특별시 마포구 노고산동 31-11 신촌역","37.5553900000","126.9360860000","050000","010000","050000","010000","050000","000000","000000","20230322","18771265","서울도시철도엔지니어링(주)","18771265","20260410"
"1100000000","서울특별시","TL240B","2호선 신촌(23~49)","5번 출입구 게이트 주변","27","서울특별시","마포구","서울특별시 마포구 신촌로 지하90","서울특별시 마포구 노고산동 31-11 신촌역","37.5551690000","126.9371390000","050000","010000","050000","010000","050000","000000","000000","20230322","18771265","서울도시철도엔지니어링(주)","18771265","20260410"
"1100000000","서울특별시","TL240C","2호선 신촌(50~71)","5번 출입구 게이트 주변","22","서울특별시","마포구","서울특별시 마포구 신촌로 지하90","서울특별시 마포구 노고산동 31-11 신촌역","37.5551680000","126.9366930000","050000","010000","050000","010000","050000","000000","000000","20230322","18771265","서울도시철도엔지니어링(주)","18771265","20260410"
"1100000000","서울특별시","TL241","2호선 이대","5번 출입구 화장실 주변","21","서울특별시","마포구","서울특별시 마포구 신촌로 지하180","서울특별시 마포구 염리동 8-85 이대역","37.5567110000","126.9458350000","050000","010000","050000","010000","050000","000000","000000","20241025","18771265","서울도시철도엔지니어링(주)","18771265","20260410"
"1100000000","서울특별시","TL242","2호선 아현","3번 출입구 ATM주변","9","서울특별시","마포구","서울특별시 마포구 신촌로 지하270","서울특별시 마포구 아현동 354-23 아현역","37.5573730000","126.9562130000","050000","010000","050000","010000","050000","000000","000000","20240923","18771265","서울도시철도엔지니어링(주)","18771265","20260410"
"1100000000","서울특별시","TL243A","2호선 충정로(1~15)","B2층 1,2번 출입구 화장실 주변","15","서울특별시","서대문구","서울특별시 서대문구 서소문로 지하17","서울특별시 서대문구 충정로3가 319-1 충정로역(2호선)","37.5593390000","126.9636110000","050000","010000","050000","010000","050000","000000","000000","20240923","18771265","서울도시철도엔지니어링(주)","18771265","20260410"
"1100000000","서울특별시","TL243B","5호선 충정로(16~24)","충정로역 B1층 화장실 주변(8,9번출구)","9","서울특별시","서대문구","서울특별시 서대문구 충정로 지하28-1","서울특별시 서대문구 충정로3가 248-1 충정로역(5호선)","37.5604360000","126.9629660000","050000","010000","050000","010000","050000","000000","000000","20240923","18771265","서울도시철도엔지니어링(주)","18771265","20260410"
"1100000000","서울특별시","TL320","3호선 구파발","1,4번 출입구 주변","13","서울특별시","은평구","서울특별시 은평구 진관2로 지하15-25","서울특별시 은평구 진관동 67-26 3호선 구파발역사무소","37.6370410000","126.9187610000","050000","010000","050000","010000","050000","000000","000000","20241028","18771265","서울도시철도엔지니어링(주)","18771265","20260410"
"1100000000","서울특별시","TL321","3호선 연신내","6,7번 출입구 주변","25","서울특별시","은평구","서울특별시 은평구 통일로 지하849","서울특별시 은평구 갈현동 397 3,6호선 연신내역사무소","37.6193100000","126.9209140000","050000","010000","050000","010000","050000","000000","000000","20241028","18771265","서울도시철도엔지니어링(주)","18771265","20260410"
"1100000000","서울특별시","TL322A","3호선 불광(1~9)","1,4,5번 출입구 주변","9","서울특별시","은평구","서울특별시 은평구 통일로 지하723-1","서울특별시 은평구 대조동 13-10 3,6호선 불광역사무소","37.6104150000","126.9300020000","050000","010000","050000","010000","050000","000000","000000","20241028","18771265","서울도시철도엔지니어링(주)","18771265","20260410"
"1100000000","서울특별시","TL322B","6호선 불광(10~18)","불광역 중층 9번 출구 방면 (3호선 연결통로)","9","서울특별시","은평구","서울특별시 은평구 통일로 지하723-1","서울특별시 은평구 대조동 13-10 3,6호선 불광역사무소","37.6109140000","126.9295630000","050000","010000","050000","010000","050000","000000","000000","20241028","18771265","서울도시철도엔지니어링(주)","18771265","20260410"
"1100000000","서울특별시","TL323","3호선 녹번","1,4,5번 출입구 주변","9","서울특별시","은평구","서울특별시 은평구 통일로 지하602-1","서울특별시 은평구 녹번동 55 지하철3호선 녹번역","37.6011960000","126.9355150000","050000","010000","050000","010000","050000","000000","000000","20241028","18771265","서울도시철도엔지니어링(주)","18771265","20260410"
"1100000000","서울특별시","TL324A","3호선 홍제(1~9)","지하2층 1,4번 출입구 주변","9","서울특별시","서대문구","서울특별시 서대문구 통일로 지하440-1","서울특별시 서대문구 홍제동 161-1 홍제역","37.5892350000","126.9436560000","050000","010000","050000","010000","050000","000000","000000","20241028","18771265","서울도시철도엔지니어링(주)","18771265","20260410"
"1100000000","서울특별시","TL324B","3호선 홍제(10~18)","지하2층 2,3번 출입구 주변","9","서울특별시","서대문구","서울특별시 서대문구 통일로 지하440-1","서울특별시 서대문구 홍제동 161-1 홍제역","37.5885680000","126.9444730000","050000","010000","050000","010000","050000","000000","000000","20241028","18771265","서울도시철도엔지니어링(주)","18771265","20260410"
"1100000000","서울특별시","TL325","3호선 무악재","지하2층 복도 통로","9","서울특별시","서대문구","서울특별시 서대문구 통일로 지하361","서울특별시 서대문구 홍제동 26-1 무악재역","37.5822680000","126.9503650000","050000","010000","050000","010000","050000","000000","000000","20241028","18771265","서울도시철도엔지니어링(주)","18771265","20260410"
"1100000000","서울특별시","TL326","3호선 독립문","3,4번 출입구 주변","9","서울특별시","서대문구","서울특별시 서대문구 통일로 지하247","서울특별시 서대문구 현저동 101 독립문역","37.5739350000","126.9583720000","050000","010000","050000","010000","050000","000000","000000","20241028","18771265","서울도시철도엔지니어링(주)","18771265","20260410"
"1100000000","서울특별시","TL327A","3호선 경복궁(1~29)","7번 출구 지하2층 고객안전실 옆","29","서울특별시","종로구","서울특별시 종로구 사직로 지하130","서울특별시 종로구 적선동 81-1 3호선 경복궁역","37.5758810000","126.9729000000","050000","010000","050000","010000","050000","000000","000000","20230322","18771265","서울도시철도엔지니어링(주)","18771265","20260410"
"1100000000","서울특별시","TL327B","3호선 경복궁(30~51)","7번 출구 지하2층 고객안전실 옆","22","서울특별시","종로구","서울특별시 종로구 사직로 지하130","서울특별시 종로구 적선동 81-1 3호선 경복궁역","37.5758360000","126.9731050000","050000","010000","050000","010000","050000","000000","000000","20230322","18771265","서울도시철도엔지니어링(주)","18771265","20260410"
"1100000000","서울특별시","TL327C","3호선 경복궁(52~76)","7번 출입구 주변 계단 밑","25","서울특별시","종로구","서울특별시 종로구 사직로 지하130","서울특별시 종로구 적선동 81-1 3호선 경복궁역","37.5759970000","126.9727900000","050000","010000","050000","010000","050000","000000","000000","20230322","18771265","서울도시철도엔지니어링(주)","18771265","20260410"
"1100000000","서울특별시","TL332","3호선 동대입구","1,2번 출입구와 3,4번 출입구 사이 통로","13","서울특별시","중구","서울특별시 중구 동호로 지하256","서울특별시 중구 장충동2가 199-3 동대입구역 3호선","37.5591450000","127.0054400000","050000","010000","050000","010000","050000","000000","000000","20241017","18771265","서울도시철도엔지니어링(주)","18771265","20260410"
"1100000000","서울특별시","TL333A","3호선 약수(1~9)","4,5번 출입구 게이트 내부","9","서울특별시","중구","서울특별시 중구 다산로 지하122","서울특별시 중구 신당동 369-44 약수역 3호선","37.5540930000","127.0112200000","050000","010000","050000","010000","050000","000000","000000","20241021","18771265","서울도시철도엔지니어링(주)","18771265","20260410"
"1100000000","서울특별시","TL333B","6호선 약수(10~18)","약수역 B1층 9번 출구 방면","9","서울특별시","중구","서울특별시 중구 다산로 지하115","서울특별시 중구 신당동 369-2 약수역 6호선","37.5546700000","127.0105410000","050000","010000","050000","010000","050000","000000","000000","20241021","18771265","서울도시철도엔지니어링(주)","18771265","20260410"
"1100000000","서울특별시","TL334","3호선 금호","3번 출입구 주변","9","서울특별시","성동구","서울특별시 성동구 동호로 지하104","서울특별시 성동구 금호동4가 1470 금호역","37.5482140000","127.0156220000","050000","010000","050000","010000","050000","000000","000000","20241016","18771265","서울도시철도엔지니어링(주)","18771265","20260410"
"1100000000","서울특별시","TL335","3호선 옥수","1,2번 출입구 방향 화장실 주변","9","서울특별시","성동구","서울특별시 성동구 동호로 21","서울특별시 성동구 옥수동 168-1 옥수역","37.5421790000","127.0170460000","050000","010000","050000","010000","050000","000000","000000","20241016","18771265","서울도시철도엔지니어링(주)","18771265","20260410"
"1100000000","서울특별시","TL336A","3호선 압구정(1~26)","6번 출입구 주변","26","서울특별시","강남구","서울특별시 강남구 압구정로 지하172","서울특별시 강남구 신사동 668 압구정역","37.5271270000","127.0282940000","050000","010000","050000","010000","050000","000000","000000","20230322","18771265","서울도시철도엔지니어링(주)","18771265","20260410"
"1100000000","서울특별시","TL336B","3호선 압구정(27~43)","4번 출입구 주변","17","서울특별시","강남구","서울특별시 강남구 압구정로 지하172","서울특별시 강남구 신사동 668 압구정역","37.5257610000","127.0283180000","050000","010000","050000","010000","050000","000000","000000","20230322","18771265","서울도시철도엔지니어링(주)","18771265","20260410"
"1100000000","서울특별시","TL337A","3호선 신사(1~45)","6번 출입구 게이트 주변","45","서울특별시","강남구","서울특별시 강남구 도산대로 지하102","서울특별시 강남구 신사동 667 신사역","37.5163120000","127.0198790000","050000","010000","050000","010000","050000","000000","000000","20230322","18771265","서울도시철도엔지니어링(주)","18771265","20260410"
"1100000000","서울특별시","TL337B","3호선 신사(46~68)","6, 7번 출입구 주변","23","서울특별시","강남구","서울특별시 강남구 도산대로 지하102","서울특별시 강남구 신사동 667 신사역","37.5163190000","127.0196820000","050000","010000","050000","010000","050000","000000","000000","20230322","18771265","서울도시철도엔지니어링(주)","18771265","20260410"
"1100000000","서울특별시","TL338","3호선 잠원","1번 출입구 우측 게이트 주변","9","서울특별시","서초구","서울특별시 서초구 잠원로4길 지하46","서울특별시 서초구 잠원동 100-1 잠원역","37.5128490000","127.0114930000","050000","010000","050000","010000","050000","000000","000000","20240925","18771265","서울도시철도엔지니어링(주)","18771265","20260410"
"1100000000","서울특별시","TL339A","3호선 고속터미널(1~17)","1번 출입구 9호선 환승게이트 주변","17","서울특별시","서초구","서울특별시 서초구 신반포로 지하188","서울특별시 서초구 반포동 19-11 강남고속터미널역","37.5054690000","127.0047580000","050000","010000","050000","010000","050000","000000","000000","20230322","18771265","서울도시철도엔지니어링(주)","18771265","20260410"
"1100000000","서울특별시","TL339B","3호선 고속터미널(18~72)","대합실 중앙지하  2층 대합실 상가(네이처리퍼블릭) 주변","55","서울특별시","서초구","서울특별시 서초구 신반포로 지하188","서울특별시 서초구 반포동 19-11 강남고속터미널역","37.5049450000","127.0049990000","050000","010000","050000","010000","050000","000000","000000","20230322","18771265","서울도시철도엔지니어링(주)","18771265","20260410"
"1100000000","서울특별시","TL339E","7호선 고속터미널(73~98)","고속터미널역 B1층 3번 출구 방면 (화장실 주변)","26","서울특별시","서초구","서울특별시 서초구 신반포로 지하188","서울특별시 서초구 반포동 19-11 강남고속터미널역","37.5034900000","127.0052520000","050000","010000","050000","010000","050000","000000","000000","20230322","18771265","서울도시철도엔지니어링(주)","18771265","20260410"
"1100000000","서울특별시","TL341","3호선 남부터미널","지하2층5,6번 출입구 주변 계단 밑","21","서울특별시","서초구","서울특별시 서초구 서초중앙로 지하31","서울특별시 서초구 서초동 1748-30 남부터미널역","37.4850430000","127.0161350000","050000","010000","050000","010000","050000","000000","000000","20240925","18771265","서울도시철도엔지니어링(주)","18771265","20260410"
"1100000000","서울특별시","TL342A","3호선 양재(1~13)","11,12번 출입구 주변 게이트 주변","13","서울특별시","서초구","서울특별시 서초구 남부순환로 지하2585","서울특별시 서초구 서초동 1366-9 양재역","37.4844410000","127.0335770000","050000","010000","050000","010000","050000","000000","000000","20240922","18771265","서울도시철도엔지니어링(주)","18771265","20260410"
"1100000000","서울특별시","TL342B","3호선 양재(14~26)","3,4번 출입구 주변 편의점 주변","13","서울특별시","서초구","서울특별시 서초구 남부순환로 지하2585","서울특별시 서초구 서초동 1366-9 양재역","37.4845890000","127.0341770000","050000","010000","050000","010000","050000","000000","000000","20240922","18771265","서울도시철도엔지니어링(주)","18771265","20260410"
"1100000000","서울특별시","TL343","3호선 매봉","1,2번 출입구 주변 화장실 주변","9","서울특별시","강남구","서울특별시 강남구 남부순환로 지하2744","서울특별시 강남구 도곡동 179-2 매봉역","37.4869010000","127.0465390000","050000","010000","050000","010000","050000","000000","000000","20240922","18771265","서울도시철도엔지니어링(주)","18771265","20260410"
"1100000000","서울특별시","TL344","3호선 도곡","4번 출입구 주변 게이트 맞은편","13","서울특별시","강남구","서울특별시 강남구 남부순환로 지하2814","서울특별시 강남구 도곡동 339-2 도곡역","37.4905980000","127.0550830000","050000","010000","050000","010000","050000","000000","000000","20240922","18771265","서울도시철도엔지니어링(주)","18771265","20260410"
"1100000000","서울특별시","TL345","3호선 대치","3번 출입구 주변 게이트 주변","9","서울특별시","강남구","서울특별시 강남구 남부순환로 지하2952","서울특별시 강남구 대치동 317-3 대치역","37.4948830000","127.0646410000","050000","010000","050000","010000","050000","000000","000000","20240922","18771265","서울도시철도엔지니어링(주)","18771265","20260410"
"1100000000","서울특별시","TL346","3호선 학여울","1번 출입구 주변 역무실 주변","9","서울특별시","강남구","서울특별시 강남구 남부순환로 지하3104","서울특별시 강남구 대치동 514-3 학여울역","37.4965350000","127.0703510000","050000","010000","050000","010000","050000","000000","000000","20240919","18771265","서울도시철도엔지니어링(주)","18771265","20260410"
"1100000000","서울특별시","TL347","3호선 대청","3번 출입구 주변 게이트 주변","9","서울특별시","강남구","서울특별시 강남구 일원로 지하2","서울특별시 강남구 일원동 700-9 대청역","37.4935760000","127.0794860000","050000","010000","050000","010000","050000","000000","000000","20240919","18771265","서울도시철도엔지니어링(주)","18771265","20260410"
"1100000000","서울특별시","TL348","3호선 일원","4번 출입구에서 5번 출입구 가는 통로 내부","9","서울특별시","강남구","서울특별시 강남구 일원로 지하121","서울특별시 강남구 일원동 717 일원역","37.4835640000","127.0845650000","050000","010000","050000","010000","050000","000000","000000","20240918","18771265","서울도시철도엔지니어링(주)","18771265","20260410"
"1100000000","서울특별시","TL349","3호선 수서","3번 출입구 게이트 주변","21","서울특별시","강남구","서울특별시 강남구 광평로 지하270","서울특별시 강남구 수서동 728 수서역","37.4875990000","127.1022460000","050000","010000","050000","010000","050000","000000","000000","20240918","18771265","서울도시철도엔지니어링(주)","18771265","20260410"
"1100000000","서울특별시","TL350A","3호선 가락시장(1~13)","7번 출입구 화장실 주변","13","서울특별시","송파구","서울특별시 송파구 송파대로 지하257","서울특별시 송파구 가락동 184-23 가락시장역","37.4923380000","127.1182430000","050000","010000","050000","010000","050000","000000","000000","20240910","18771265","서울도시철도엔지니어링(주)","18771265","20260410"
"1100000000","서울특별시","TL350B","8호선 가락시장(14~22)","가락시장역 B1층 아기사랑방 주변 (1번 출구)","9","서울특별시","송파구","서울특별시 송파구 송파대로 지하257","서울특별시 송파구 가락동 184-23 가락시장역","37.4926560000","127.1183800000","050000","010000","050000","010000","050000","000000","000000","20240910","18771265","서울도시철도엔지니어링(주)","18771265","20260410"
"1100000000","서울특별시","TL351","3호선 경찰병원","2번 출입구 화장실 주변","9","서울특별시","송파구","서울특별시 송파구 중대로 지하149","서울특별시 송파구 가락동 10-15 경찰병원역","37.4956260000","127.1240700000","050000","010000","050000","010000","050000","000000","000000","20240909","18771265","서울도시철도엔지니어링(주)","18771265","20260410"
"1100000000","서울특별시","TL352","3호선 오금","2번 출입구 주변","9","서울특별시","송파구","서울특별시 송파구 오금로 지하321","서울특별시 송파구 오금동 44-2 오금역","37.5020280000","127.1282700000","050000","010000","050000","010000","050000","000000","000000","20240909","18771265","서울도시철도엔지니어링(주)","18771265","20260410"
"1100000000","서울특별시","TL409","4호선 불암산","지상2층 게이트 주변","9","서울특별시","노원구","서울특별시 노원구 상계로 305","서울특별시 노원구 상계동 111 당고개역","37.6703040000","127.0790540000","050000","010000","050000","010000","050000","000000","000000","20241009","18771265","서울도시철도엔지니어링(주)","18771265","20260410"
"1100000000","서울특별시","TL410","4호선 상계","지상2층 복도사이","13","서울특별시","노원구","서울특별시 노원구 상계로 182","서울특별시 노원구 상계동 156-203 상계역","37.6607110000","127.0733570000","050000","010000","050000","010000","050000","000000","000000","20241009","18771265","서울도시철도엔지니어링(주)","18771265","20260410"
"1100000000","서울특별시","TL411A","4호선 노원(1~21)","지상2층 복도사이","21","서울특별시","노원구","서울특별시 노원구 상계로 69-1","서울특별시 노원구 상계동 602-5 노원역 4호선","37.6562770000","127.0633620000","050000","010000","050000","010000","050000","000000","000000","20241009","18771265","서울도시철도엔지니어링(주)","18771265","20260410"
"1100000000","서울특별시","TL411B","7호선 노원(22~42)","노원역 B1층 5~7번 출구 방면(E/V 주변)","21","서울특별시","노원구","서울특별시 노원구 동일로 지하1409","서울특별시 노원구 상계동 729 노원역 7호선","37.6539940000","127.0606650000","050000","010000","050000","010000","050000","000000","000000","20241009","18771265","서울도시철도엔지니어링(주)","18771265","20260410"
"1100000000","서울특별시","TL412","4호선 창동","2번 출입구 주변","9","서울특별시","도봉구","서울특별시 도봉구 마들로11길 77","서울특별시 도봉구 창동 135-1 창동역","37.6529270000","127.0466730000","050000","010000","050000","010000","050000","000000","000000","20241014","18771265","서울도시철도엔지니어링(주)","18771265","20260410"
"1100000000","서울특별시","TL413","4호선 쌍문","1번 출입구 주변","9","서울특별시","도봉구","서울특별시 도봉구 도봉로 지하486-1","서울특별시 도봉구 창동 703-4 쌍문역","37.6487070000","127.0348850000","050000","010000","050000","010000","050000","000000","000000","20241014","18771265","서울도시철도엔지니어링(주)","18771265","20260410"
"1100000000","서울특별시","TL414","4호선 수유","5,6번 출입구 주변","13","서울특별시","강북구","서울특별시 강북구 도봉로 지하338","서울특별시 강북구 수유동 140 수유역","37.6373110000","127.0248230000","050000","010000","050000","010000","050000","000000","000000","20241014","18771265","서울도시철도엔지니어링(주)","18771265","20260410"
"1100000000","서울특별시","TL415","4호선 미아","3,4,5,6번 출입구 게이트 주변","9","서울특별시","강북구","서울특별시 강북구 도봉로 지하198","서울특별시 강북구 미아동 194-1 미아역","37.6262140000","127.0261800000","050000","010000","050000","010000","050000","000000","000000","20241014","18771265","서울도시철도엔지니어링(주)","18771265","20260410"
"1100000000","서울특별시","TL416A","4호선 미아사거리(1~13)","롯데몰  환승통로","13","서울특별시","강북구","서울특별시 강북구 도봉로 지하50","서울특별시 강북구 미아동 66-1 미아사거리역","37.6140030000","127.0300610000","050000","010000","050000","010000","050000","000000","000000","20241014","18771265","서울도시철도엔지니어링(주)","18771265","20260410"
"1100000000","서울특별시","TL416B","4호선 미아사거리(14~26)","5번 출입구 게이트주변","13","서울특별시","강북구","서울특별시 강북구 도봉로 지하50","서울특별시 강북구 미아동 66-1 미아사거리역","37.6130330000","127.0300440000","050000","010000","050000","010000","050000","000000","000000","20241014","18771265","서울도시철도엔지니어링(주)","18771265","20260410"
"1100000000","서울특별시","TL417","4호선 길음","10번 출입구 게이트주변","17","서울특별시","성북구","서울특별시 성북구 동소문로 지하248","서울특별시 성북구 길음동 877-66 길음역","37.6038840000","127.0252630000","050000","010000","050000","010000","050000","000000","000000","20241014","18771265","서울도시철도엔지니어링(주)","18771265","20260410"
"1100000000","서울특별시","TL418A","4호선 성신여대입구(1~13)","우이신설  환승통로 주변 벽면","13","서울특별시","성북구","서울특별시 성북구 동소문로 지하102","서울특별시 성북구 동선동4가 1 성신여대입구역","37.5925830000","127.0163560000","050000","010000","050000","010000","050000","000000","000000","20241022","18771265","서울도시철도엔지니어링(주)","18771265","20260410"
"1100000000","서울특별시","TL418B","4호선 성신여대입구(14~42)","7번 출입구 주변","29","서울특별시","성북구","서울특별시 성북구 동소문로 지하102","서울특별시 성북구 동선동4가 1 성신여대입구역","37.5928710000","127.0165350000","050000","010000","050000","010000","050000","000000","000000","20241022","18771265","서울도시철도엔지니어링(주)","18771265","20260410"
"1100000000","서울특별시","TL419","4호선 한성대입구","5번 출입구 게이트 주변","13","서울특별시","성북구","서울특별시 성북구 삼선교로 지하1","서울특별시 성북구 삼선동1가 14 한성대입구역","37.5884620000","127.0061290000","050000","010000","050000","010000","050000","000000","000000","20241022","18771265","서울도시철도엔지니어링(주)","18771265","20260410"
"1100000000","서울특별시","TL420A","4호선 혜화(1~43)","지하 1층 화장실 주변","43","서울특별시","종로구","서울특별시 종로구 대학로 지하120","서울특별시 종로구 명륜4가 96-5 4호선 혜화역","37.5816410000","127.0018590000","050000","010000","050000","010000","050000","000000","000000","20230322","18771265","서울도시철도엔지니어링(주)","18771265","20260410"
"1100000000","서울특별시","TL420B","4호선 혜화(44~81)","4번 출입구 주변","38","서울특별시","종로구","서울특별시 종로구 대학로 지하120","서울특별시 종로구 명륜4가 96-5 4호선 혜화역","37.5830470000","127.0017040000","050000","010000","050000","010000","050000","000000","000000","20230322","18771265","서울도시철도엔지니어링(주)","18771265","20260410"
"1100000000","서울특별시","TL420C","4호선 혜화(82~102)","4번 출입구 주변","21","서울특별시","종로구","서울특별시 종로구 대학로 지하120","서울특별시 종로구 명륜4가 96-5 4호선 혜화역","37.5828070000","127.0016880000","050000","010000","050000","010000","050000","000000","000000","20230322","18771265","서울도시철도엔지니어링(주)","18771265","20260410"
"1100000000","서울특별시","TL420D","4호선 혜화(103~128)","4번 출입구 주변","26","서울특별시","종로구","서울특별시 종로구 대학로 지하120","서울특별시 종로구 명륜4가 96-5 4호선 혜화역","37.5833610000","127.0016590000","050000","010000","050000","010000","050000","000000","000000","20230322","18771265","서울도시철도엔지니어링(주)","18771265","20260410"
"1100000000","서울특별시","TL423A","4호선 충무로(1~21)","1,2,8번 출입구 주변","21","서울특별시","중구","서울특별시 중구 퇴계로 지하199","서울특별시 중구 필동2가 16-2 충무로역 3,4호선","37.5615770000","126.9950530000","050000","010000","050000","010000","050000","000000","000000","20241017","18771265","서울도시철도엔지니어링(주)","18771265","20260410"
"1100000000","서울특별시","TL423B","4호선 충무로(22~34)","3,4번 출입구 주변","13","서울특별시","중구","서울특별시 중구 퇴계로 지하199","서울특별시 중구 필동2가 16-2 충무로역 3,4호선","37.5610370000","126.9935310000","050000","010000","050000","010000","050000","000000","000000","20241017","18771265","서울도시철도엔지니어링(주)","18771265","20260410"
"1100000000","서울특별시","TL424A","4호선 명동(1~13)","1번 출입구 주변","13","서울특별시","중구","서울특별시 중구 퇴계로 지하126","서울특별시 중구 충무로2가 109-2 명동역 4호선","37.5610960000","126.9877730000","050000","010000","050000","010000","050000","000000","000000","20230322","18771265","서울도시철도엔지니어링(주)","18771265","20260410"
"1100000000","서울특별시","TL424B","4호선 명동(14~43)","4번 출입구 게이트 내부","30","서울특별시","중구","서울특별시 중구 퇴계로 지하126","서울특별시 중구 충무로2가 109-2 명동역 4호선","37.5607570000","126.9848050000","050000","010000","050000","010000","050000","000000","000000","20230322","18771265","서울도시철도엔지니어링(주)","18771265","20260410"
"1100000000","서울특별시","TL424C","4호선 명동(44~85)","4번 출입구 게이트 내부","42","서울특별시","중구","서울특별시 중구 퇴계로 지하126","서울특별시 중구 충무로2가 109-2 명동역 4호선","37.5607730000","126.9847010000","050000","010000","050000","010000","050000","000000","000000","20230322","18771265","서울도시철도엔지니어링(주)","18771265","20260410"
"1100000000","서울특별시","TL424D","4호선 명동(86~126)","4번 출입구 게이트 내부","41","서울특별시","중구","서울특별시 중구 퇴계로 지하126","서울특별시 중구 충무로2가 109-2 명동역 4호선","37.5608470000","126.9847410000","050000","010000","050000","010000","050000","000000","000000","20230322","18771265","서울도시철도엔지니어링(주)","18771265","20260410"
"1100000000","서울특별시","TL425A","4호선 회현(1~22)","3,4,5번 출입구 게이트 내부 지하2층 상가 주변","22","서울특별시","중구","서울특별시 중구 퇴계로 지하54","서울특별시 중구 남창동 64-1 회현역 4호선","37.5583950000","126.9780440000","050000","010000","050000","010000","050000","000000","000000","20241023","18771265","서울도시철도엔지니어링(주)","18771265","20260410"
"1100000000","서울특별시","TL425B","4호선 회현(23~46)","1,2,6,7번 출입구 게이트 내부","24","서울특별시","중구","서울특별시 중구 퇴계로 지하54","서울특별시 중구 남창동 64-1 회현역 4호선","37.5592530000","126.9794870000","050000","010000","050000","010000","050000","000000","000000","20241023","18771265","서울도시철도엔지니어링(주)","18771265","20260410"
"1100000000","서울특별시","TL427","4호선 숙대입구","5,6,7,8번 출입구 주변","13","서울특별시","용산구","서울특별시 용산구 한강대로 지하306","서울특별시 용산구 갈월동 16-7 숙대입구역","37.5441020000","126.9723540000","050000","010000","050000","010000","050000","000000","000000","20240923","18771265","서울도시철도엔지니어링(주)","18771265","20260410"
"1100000000","서울특별시","TL428A","4호선 삼각지(1~13)","1,2,5,6번 출입구 주변","13","서울특별시","용산구","서울특별시 용산구 한강대로 지하180","서울특별시 용산구 한강로1가 228-1 4호선 삼각지역","37.5344560000","126.9730530000","050000","010000","050000","010000","050000","000000","000000","20241021","18771265","서울도시철도엔지니어링(주)","18771265","20260410"
"1100000000","서울특별시","TL428B","6호선 삼각지(14~22)","삼각지역 B1층 7, 8번 출구 방면(화장실 주변)","9","서울특별시","용산구","서울특별시 용산구 한강대로 지하185","서울특별시 용산구 한강로1가 228-1 4호선 삼각지역","37.5356160000","126.9736890000","050000","010000","050000","010000","050000","000000","000000","20241021","18771265","서울도시철도엔지니어링(주)","18771265","20260410"
"1100000000","서울특별시","TL429","4호선 신용산","1,5,6번 출입구 게이트 주변","13","서울특별시","용산구","서울특별시 용산구 한강대로 지하112","서울특별시 용산구 한강로2가 181 4호선 신용산역","37.5296010000","126.9683570000","050000","010000","050000","010000","050000","000000","000000","20241021","18771265","서울도시철도엔지니어링(주)","18771265","20260410"
"1100000000","서울특별시","TL430","4호선 이촌","1번 출입구 게이트 주변","13","서울특별시","용산구","서울특별시 용산구 서빙고로 지하83","서울특별시 용산구 용산동5가 17-112 4호선 이촌역","37.5226710000","126.9739100000","050000","010000","050000","010000","050000","000000","000000","20241021","18771265","서울도시철도엔지니어링(주)","18771265","20260410"
"1100000000","서울특별시","TL431","4호선 동작","1번 출입구 게이트 주변","15","서울특별시","동작구","서울특별시 동작구 현충로 257","서울특별시 동작구 동작동 327-1 4호선 동작역","37.5030870000","126.9803180000","050000","010000","050000","010000","050000","000000","000000","20240929","18771265","서울도시철도엔지니어링(주)","18771265","20260410"
"1100000000","서울특별시","TL432A","4호선 총신대입구(1~13)","2번 출입구 주변","13","서울특별시","동작구","서울특별시 동작구 동작대로 지하117","서울특별시 동작구 사당동 736-1 총신대입구(이수)역4호선","37.4870800000","126.9821850000","050000","010000","050000","010000","050000","000000","000000","20240924","18771265","서울도시철도엔지니어링(주)","18771265","20260410"
"1100000000","서울특별시","TL432B","4호선 총신대입구(14~26)","14번 출입구 게이트 주변","13","서울특별시","동작구","서울특별시 동작구 동작대로 지하117","서울특별시 동작구 사당동 736-1 총신대입구(이수)역4호선","37.4881680000","126.9821710000","050000","010000","050000","010000","050000","000000","000000","20240924","18771265","서울도시철도엔지니어링(주)","18771265","20260410"
"1100000000","서울특별시","TL434","4호선 남태령","지하 1층 1번 출입구에서 2,3번 출구 가는 통로","9","서울특별시","서초구","서울특별시 서초구 과천대로 지하816","서울특별시 서초구 방배동 2909 남태령역","37.4646960000","126.9889470000","050000","010000","050000","010000","050000","000000","000000","20240924","18771265","서울도시철도엔지니어링(주)","18771265","20260410"
"1100000000","서울특별시","TL510","5호선 방화","방화역 B1층 3,4번 출구 방면","9","서울특별시","강서구","서울특별시 강서구 금낭화로 지하132","서울특별시 강서구 방화동 829-15 방화역 5호선","37.5770850000","126.8124000000","050000","010000","050000","010000","050000","000000","000000","20241008","18771265","서울도시철도엔지니어링(주)","18771265","20260410"
"1100000000","서울특별시","TL511","5호선 개화산","개화산역 B1층 게이트 우측 E/V 옆(2번출구)","9","서울특별시","강서구","서울특별시 강서구 양천로 22","서울특별시 강서구 방화동 846 개화산역","37.5720760000","126.8062750000","050000","010000","050000","010000","050000","000000","000000","20241008","18771265","서울도시철도엔지니어링(주)","18771265","20260410"
"1100000000","서울특별시","TL512","5호선 김포공항","김포공항역 B2층 국내선 방면 무빙워크옆","42","서울특별시","강서구","서울특별시 강서구 하늘길 지하77","서울특별시 강서구 방화동 886 김포공항역","37.5617390000","126.8013930000","050000","010000","050000","010000","050000","000000","000000","20230322","18771265","서울도시철도엔지니어링(주)","18771265","20260410"
"1100000000","서울특별시","TL513","5호선 송정","송정역 B2층 1,4번 출구 사이","9","서울특별시","강서구","서울특별시 강서구 공항대로 지하33","서울특별시 강서구 공항동 29-5 송정역(5호선)","37.5613210000","126.8113810000","050000","010000","050000","010000","050000","000000","000000","20241008","18771265","서울도시철도엔지니어링(주)","18771265","20260410"
"1100000000","서울특별시","TL514","5호선 마곡","마곡역 B1층 환기실 우측(2번출구)","9","서울특별시","강서구","서울특별시 강서구 공항대로 지하163","서울특별시 강서구 마곡동 769-3 마곡역(5호선)","37.5600670000","126.8253510000","050000","010000","050000","010000","050000","000000","000000","20241008","18771265","서울도시철도엔지니어링(주)","18771265","20260410"
"1100000000","서울특별시","TL515","5호선 발산","발산역 B1층 9번 출구 방면","13","서울특별시","강서구","서울특별시 강서구 공항대로 지하267","서울특별시 강서구 마곡동 727-1496 발산역(5호선)","37.5588570000","126.8370590000","050000","010000","050000","010000","050000","000000","000000","20241006","18771265","서울도시철도엔지니어링(주)","18771265","20260410"
"1100000000","서울특별시","TL516","5호선 우장산","우장산역 B1층 3,4번 출구 방면","13","서울특별시","강서구","서울특별시 강서구 강서로 지하262","서울특별시 강서구 화곡동 1089-3 우장산역 5호선","37.5484330000","126.8364400000","050000","010000","050000","010000","050000","000000","000000","20241006","18771265","서울도시철도엔지니어링(주)","18771265","20260410"
"1100000000","서울특별시","TL517","5호선 화곡","화곡역 B1층 3,4번 출구 방면","17","서울특별시","강서구","서울특별시 강서구 화곡로 지하168","서울특별시 강서구 화곡동 1089-54 화곡역 5호선","37.5416550000","126.8403290000","050000","010000","050000","010000","050000","000000","000000","20241006","18771265","서울도시철도엔지니어링(주)","18771265","20260410"
"1100000000","서울특별시","TL518","5호선 까치산","까치산역 B1층 4번 출구 방면","17","서울특별시","강서구","서울특별시 강서구 강서로 지하54","서울특별시 강서구 화곡동 662-5 까치산역","37.5321120000","126.8464080000","050000","010000","050000","010000","050000","000000","000000","20241006","18771265","서울도시철도엔지니어링(주)","18771265","20260410"
"1100000000","서울특별시","TL519","5호선 신정","2,3번 출구입구 내부(역무실주변)","9","서울특별시","양천구","서울특별시 양천구 오목로 지하179","서울특별시 양천구 신정동 1090 신정역","37.5248540000","126.8553370000","050000","010000","050000","010000","050000","000000","000000","20241006","18771265","서울도시철도엔지니어링(주)","18771265","20260410"
"1100000000","서울특별시","TL520","5호선 목동","목동역 B1층 2번 출구 방면","17","서울특별시","양천구","서울특별시 양천구 오목로 지하245","서울특별시 양천구 목동 926-3 목동역","37.5261120000","126.8641260000","050000","010000","050000","010000","050000","000000","000000","20241006","18771265","서울도시철도엔지니어링(주)","18771265","20260410"
"1100000000","서울특별시","TL521A","5호선 오목교(1~8)","오목교역 B1층 7번 출구 방면(IBK현금지급기 옆)","8","서울특별시","양천구","서울특별시 양천구 오목로 지하342","서울특별시 양천구 목동 406-30 오목교역","37.5244150000","126.8756990000","050000","010000","050000","010000","050000","000000","000000","20241006","18771265","서울도시철도엔지니어링(주)","18771265","20260410"
"1100000000","서울특별시","TL521B","5호선 오목교(9~17)","오목교역 B2층 게이트, 도서 대여기 옆","9","서울특별시","양천구","서울특별시 양천구 오목로 지하342","서울특별시 양천구 목동 406-30 오목교역","37.5246720000","126.8746190000","050000","010000","050000","010000","050000","000000","000000","20241006","18771265","서울도시철도엔지니어링(주)","18771265","20260410"
"1100000000","서울특별시","TL522","5호선 양평","양평역 B1층 엘리베이터(E/V)주변(1,2번출구)","9","서울특별시","영등포구","서울특별시 영등포구 양산로 지하21","서울특별시 영등포구 양평동2가 33-79 양평역","37.5256850000","126.8860000000","050000","010000","050000","010000","050000","000000","000000","20241006","18771265","서울도시철도엔지니어링(주)","18771265","20260410"
"1100000000","서울특별시","TL524","5호선 영등포시장","영등포시장역 B2층 편의점(7-ELEVEN) 옆(1~4번출구)","9","서울특별시","영등포구","서울특별시 영등포구 양산로 지하200","서울특별시 영등포구 영등포동5가 62-1 영등포시장역","37.5227140000","126.9048690000","050000","010000","050000","010000","050000","000000","000000","20241001","18771265","서울도시철도엔지니어링(주)","18771265","20260410"
"1100000000","서울특별시","TL525","5호선 신길","신길역 B3층 게이트 주변(3번출구)","9","서울특별시","영등포구","서울특별시 영등포구 경인로114가길 지하9","서울특별시 영등포구 영등포동1가 35 신길역","37.5170120000","126.9172570000","050000","010000","050000","010000","050000","000000","000000","20241001","18771265","서울도시철도엔지니어링(주)","18771265","20260410"
"1100000000","서울특별시","TL526","5호선 여의도","여의도역 B1층 6번 출구 방면","38","서울특별시","영등포구","서울특별시 영등포구 여의나루로 지하40","서울특별시 영등포구 여의도동 3 여의도역","37.5215110000","126.9241710000","050000","010000","050000","010000","050000","000000","000000","20230322","18771265","서울도시철도엔지니어링(주)","18771265","20260410"
"1100000000","서울특별시","TL527A","5호선 여의나루(1~40)","여의나루역 B1층 1, 4번 출구 방면","40","서울특별시","영등포구","서울특별시 영등포구 여의동로 지하343","서울특별시 영등포구 여의도동 84-4 여의나루역","37.5268393000","126.9325364000","050000","010000","050000","010000","050000","000000","000000","20240415","18771265","서울도시철도엔지니어링(주)","18771265","20260410"
"1100000000","서울특별시","TL527B","5호선 여의나루(41~56)","여의나루역 B2층 2, 3번 출구 방면","16","서울특별시","영등포구","서울특별시 영등포구 여의동로 지하343","서울특별시 영등포구 여의도동 84-4 여의나루역","37.5270011000","126.9327484000","050000","010000","050000","010000","050000","000000","000000","20240415","18771265","서울도시철도엔지니어링(주)","18771265","20260410"
"1100000000","서울특별시","TL528","5호선 마포","마포역 B1층 3, 4번 출구 방면 (조명광고 옆)","13","서울특별시","마포구","서울특별시 마포구 마포대로 지하33","서울특별시 마포구 도화동 160 마포역","37.5395650000","126.9460160000","050000","010000","050000","010000","050000","000000","000000","20241024","18771265","서울도시철도엔지니어링(주)","18771265","20260410"
"1100000000","서울특별시","TL530","5호선 애오개","애오개역 B1층 화장실 주변(2번출구,E/V 주변)","9","서울특별시","마포구","서울특별시 마포구 마포대로 지하210","서울특별시 마포구 아현동 612 애오개역","37.5535250000","126.9566590000","050000","010000","050000","010000","050000","000000","000000","20240923","18771265","서울도시철도엔지니어링(주)","18771265","20260410"
"1100000000","서울특별시","TL532","5호선 서대문","서대문역 B1층 4, 5번 출구 방면 (상가 맞은편)","17","서울특별시","종로구","서울특별시 종로구 통일로 지하126","서울특별시 종로구 평동 210 서대문역","37.5660010000","126.9666470000","050000","010000","050000","010000","050000","000000","000000","20241022","18771265","서울도시철도엔지니어링(주)","18771265","20260410"
"1100000000","서울특별시","TL533A","5호선 광화문(1~46)","광화문역 B1층 2번 출구 방면(개찰구옆)","46","서울특별시","종로구","서울특별시 종로구 세종대로 지하172","서울특별시 종로구 세종로 1-68 5호선 광화문역","37.5716920000","126.9773870000","050000","010000","050000","010000","050000","000000","000000","20230322","18771265","서울도시철도엔지니어링(주)","18771265","20260410"
"1100000000","서울특별시","TL533B","5호선 광화문(47~59)","광화문역 B2층 고객상담실 앞(1,8번출구)","13","서울특별시","종로구","서울특별시 종로구 세종대로 지하172","서울특별시 종로구 세종로 1-68 5호선 광화문역","37.5716830000","126.9754000000","050000","010000","050000","010000","050000","000000","000000","20230322","18771265","서울도시철도엔지니어링(주)","18771265","20260410"
"1100000000","서울특별시","TL533C","5호선 광화문(60~88)","광화문역 B1층 2번출구 방면(개찰구 맞은편)","29","서울특별시","종로구","서울특별시 종로구 세종대로 지하172","서울특별시 종로구 세종로 1-68 5호선 광화문역","37.5717580000","126.9774710000","050000","010000","050000","010000","050000","000000","000000","20230322","18771265","서울도시철도엔지니어링(주)","18771265","20260410"
"1100000000","서울특별시","TL537","5호선 청구","청구역 B1층 2, 3번 출구 방면","9","서울특별시","중구","서울특별시 중구 청구로 지하77","서울특별시 중구 신당동 295-2 청구역 5,6호선","37.5602280000","127.0137920000","050000","010000","050000","010000","050000","000000","000000","20241016","18771265","서울도시철도엔지니어링(주)","18771265","20260410"
"1100000000","서울특별시","TL538","5호선 신금호","신금호역 B1층 E/V 기계실 주변","9","서울특별시","성동구","서울특별시 성동구 금호로 지하154","서울특별시 성동구 금호동2가 223-1 신금호역","37.5544890000","127.0204780000","050000","010000","050000","010000","050000","000000","000000","20241016","18771265","서울도시철도엔지니어링(주)","18771265","20260410"
"1100000000","서울특별시","TL539","5호선 행당","행당역 B3층 화장실 주변","9","서울특별시","성동구","서울특별시 성동구 행당로 지하89","서울특별시 성동구 행당동 317-241 행당역","37.5572470000","127.0293200000","050000","010000","050000","010000","050000","000000","000000","20241016","18771265","서울도시철도엔지니어링(주)","18771265","20260410"
"1100000000","서울특별시","TL541","5호선 마장","마장역 B1층 편의점(7-ELEVEN) 주변","9","서울특별시","성동구","서울특별시 성동구 마장로 지하296","서울특별시 성동구 마장동 804 마장역","37.5658600000","127.0426090000","050000","010000","050000","010000","050000","000000","000000","20240905","18771265","서울도시철도엔지니어링(주)","18771265","20260410"
"1100000000","서울특별시","TL542","5호선 답십리","답십리역 B2층 게이트 주변","13","서울특별시","성동구","서울특별시 성동구 천호대로 지하300","서울특별시 성동구 용답동 99 답십리역","37.5673340000","127.0520500000","050000","010000","050000","010000","050000","000000","000000","20240905","18771265","서울도시철도엔지니어링(주)","18771265","20260410"
"1100000000","서울특별시","TL543","5호선 장한평","장한평역 B1층 화장실 주변","13","서울특별시","동대문구","서울특별시 동대문구 천호대로 지하405","서울특별시 동대문구 장안동 472-3 장한평역","37.5614480000","127.0646380000","050000","010000","050000","010000","050000","000000","000000","20240905","18771265","서울도시철도엔지니어링(주)","18771265","20260410"
"1100000000","서울특별시","TL544","5호선 군자","군자역 B1층 5, 6번 출구 방면","13","서울특별시","광진구","서울특별시 광진구 천호대로 지하550","서울특별시 광진구 능동 275-5","37.5570340000","127.0795850000","050000","010000","050000","010000","050000","000000","000000","20241012","18771265","서울도시철도엔지니어링(주)","18771265","20260410"
"1100000000","서울특별시","TL545","5호선 아차산","아차산역 B1층  화장실 주변","13","서울특별시","광진구","서울특별시 광진구 천호대로 지하657","서울특별시 광진구 능동 256-16 5호선 아차산역","37.5520550000","127.0895850000","050000","010000","050000","010000","050000","000000","000000","20240905","18771265","서울도시철도엔지니어링(주)","18771265","20260410"
"1100000000","서울특별시","TL546","5호선 광나루","광나루역 B1층 3, 4번 출구 방면","13","서울특별시","광진구","서울특별시 광진구 아차산로 지하571","서울특별시 광진구 광장동 237 광나루역5호선","37.5450860000","127.1039850000","050000","010000","050000","010000","050000","000000","000000","20240905","18771265","서울도시철도엔지니어링(주)","18771265","20260410"
"1100000000","서울특별시","TL547A","5호선 천호(1~21)","천호역 B1층 3번출구 방면","21","서울특별시","강동구","서울특별시 강동구 천호대로 지하997","서울특별시 강동구 천호동 455 천호역","37.5386780000","127.1236400000","050000","010000","050000","010000","050000","000000","000000","20240909","18771265","서울도시철도엔지니어링(주)","18771265","20260410"
"1100000000","서울특별시","TL547B","5호선 천호(22~39)","천호역 B1층 상가 현금지급기 주변","18","서울특별시","강동구","서울특별시 강동구 천호대로 지하997","서울특별시 강동구 천호동 455 천호역","37.5385030000","127.1238520000","050000","010000","050000","010000","050000","000000","000000","20240909","18771265","서울도시철도엔지니어링(주)","18771265","20260410"
"1100000000","서울특별시","TL548","5호선 강동","강동역 B1층 화장실 주변","13","서울특별시","강동구","서울특별시 강동구 천호대로 지하1097","서울특별시 강동구 천호동 447 강동역","37.5358570000","127.1324610000","050000","010000","050000","010000","050000","000000","000000","20240909","18771265","서울도시철도엔지니어링(주)","18771265","20260410"
"1100000000","서울특별시","TL549","5호선 길동","길동역 B1층 연결통로","13","서울특별시","강동구","서울특별시 강동구 양재대로 지하1480","서울특별시 강동구 길동 378 길동역","37.5377470000","127.1399370000","050000","010000","050000","010000","050000","000000","000000","20240909","18771265","서울도시철도엔지니어링(주)","18771265","20260410"
"1100000000","서울특별시","TL550A","5호선 5호선 올림픽공원(1~50)","1~2번 출구 주변","50","서울특별시","송파구","서울특별시 송파구 양재대로 지하1233","서울특별시 송파구 방이동 89-28 올림픽공원역","37.5164170000","127.1310920000","050000","010000","050000","010000","050000","000000","000000","20230322","18771265","서울도시철도엔지니어링(주)","18771265","20260410"
"1100000000","서울특별시","TL550C","9호선 9호선 올림픽공원(51~92)","3번 출입구 상가 주변","42","서울특별시","송파구","서울특별시 송파구 양재대로 지하1231","서울특별시 송파구 방이동 89-28 올림픽공원역","37.5166260000","127.1307340000","050000","010000","050000","010000","050000","000000","000000","20230322","18771265","서울도시철도엔지니어링(주)","18771265","20260410"
"1100000000","서울특별시","TL551","5호선 명일","명일역 B1층 3번 출구 방면","9","서울특별시","강동구","서울특별시 강동구 양재대로 지하1632","서울특별시 강동구 명일동 303-1 명일역","37.5512430000","127.1440480000","050000","010000","050000","010000","050000","000000","000000","20240909","18771265","서울도시철도엔지니어링(주)","18771265","20260410"
"1100000000","서울특별시","TL552","5호선 고덕","고덕역 B1층 E/V 주변","9","서울특별시","강동구","서울특별시 강동구 고덕로 지하253","서울특별시 강동구 고덕동 310 고덕역","37.5549920000","127.1539440000","050000","010000","050000","010000","050000","000000","000000","20240909","18771265","서울도시철도엔지니어링(주)","18771265","20260410"
"1100000000","서울특별시","TL553","5호선 상일동","상일동역 지하1층 3,4,5,6번 출구 방면","9","서울특별시","강동구","서울특별시 강동구 고덕로 지하359","서울특별시 강동구 상일동 148 상일동역","37.5569170000","127.1679870000","050000","010000","050000","010000","050000","000000","000000","20240909","18771265","서울도시철도엔지니어링(주)","18771265","20260410"
"1100000000","서울특별시","TL610","6호선 응암","응암역 중층 1, 2번 출구 방면","13","서울특별시","은평구","서울특별시 은평구 증산로 지하477","서울특별시 은평구 신사동 22-15 6호선 응암역사무소","37.5989780000","126.9156410000","050000","010000","050000","010000","050000","000000","000000","20241025","18771265","서울도시철도엔지니어링(주)","18771265","20260410"
"1100000000","서울특별시","TL611","6호선 역촌","역촌역 B1층 3번 출구 방면","9","서울특별시","은평구","서울특별시 은평구 서오릉로 지하63","서울특별시 은평구 녹번동 153-31 6호선 역촌역사무소","37.6062440000","126.9228890000","050000","010000","050000","010000","050000","000000","000000","20241025","18771265","서울도시철도엔지니어링(주)","18771265","20260410"
"1100000000","서울특별시","TL613","6호선 독바위","독바위역 B3층 고객상담실 주변","9","서울특별시","은평구","서울특별시 은평구 불광로 지하129-1","서울특별시 은평구 불광동 13-33 6호선 독바위역사무소","37.6183900000","126.9330370000","050000","010000","050000","010000","050000","000000","000000","20241028","18771265","서울도시철도엔지니어링(주)","18771265","20260410"
"1100000000","서울특별시","TL615","6호선 구산","구산역 B1층 3번 출구 방면","9","서울특별시","은평구","서울특별시 은평구 연서로 지하137-1","서울특별시 은평구 구산동 1 6호선 구산역사무소","37.6113170000","126.9172120000","050000","010000","050000","010000","050000","000000","000000","20241025","18771265","서울도시철도엔지니어링(주)","18771265","20260410"
"1100000000","서울특별시","TL616","6호선 새절","새절역 B1층 4번 출구 방면","9","서울특별시","은평구","서울특별시 은평구 증산로 지하400","서울특별시 은평구 신사동 337-5 6호선 새절역사무소","37.5915400000","126.9136790000","050000","010000","050000","010000","050000","000000","000000","20241025","18771265","서울도시철도엔지니어링(주)","18771265","20260410"
"1100000000","서울특별시","TL617","6호선 증산","증산역 B1층 3,4번 출구 방면","9","서울특별시","은평구","서울특별시 은평구 증산로 지하306","서울특별시 은평구 증산동 199-8 6호선 증산역사무소","37.5840590000","126.9099060000","050000","010000","050000","010000","050000","000000","000000","20241024","18771265","서울도시철도엔지니어링(주)","18771265","20260410"
"1100000000","서울특별시","TL618","6호선 디지털미디어시티","디지털미디어시티역 B1층 1, 5번 출구 방면 (통로)","13","서울특별시","은평구","서울특별시 은평구 수색로 지하175","서울특별시 은평구 증산동 223-25 6호선 디지털미디어시티","37.5768270000","126.9021870000","050000","010000","050000","010000","050000","000000","000000","20241024","18771265","서울도시철도엔지니어링(주)","18771265","20260410"
"1100000000","서울특별시","TL619","6호선 월드컵경기장","월드컵경기장역 B1층 2번 출구 방면 (화장실 주변)","13","서울특별시","마포구","서울특별시 마포구 월드컵로 지하240 (성산동)","서울특별시 마포구 성산동 420 월드컵경기장역","37.5701100000","126.8991220000","050000","010000","050000","010000","050000","000000","000000","20241024","18771265","서울도시철도엔지니어링(주)","18771265","20260410"
"1100000000","서울특별시","TL620","6호선 마포구청","마포구청역 B2층 1,2,8번출구 방면(화장실 주변)","9","서울특별시","마포구","서울특별시 마포구 월드컵로 지하190","서울특별시 마포구 성산동 592 마포구청역","37.5630860000","126.9037190000","050000","010000","050000","010000","050000","000000","000000","20241024","18771265","서울도시철도엔지니어링(주)","18771265","20260410"
"1100000000","서울특별시","TL621","6호선 망원","망원역 B1층 1번 출구 방면 (화장실 주변)","18","서울특별시","마포구","서울특별시 마포구 월드컵로 지하77","서울특별시 마포구 망원동 378 망원역","37.5559390000","126.9102240000","050000","010000","050000","010000","050000","000000","000000","20241024","18771265","서울도시철도엔지니어링(주)","18771265","20260410"
"1100000000","서울특별시","TL623","6호선 상수","상수역 B2층 게이트 주변 (휴게공간)","13","서울특별시","마포구","서울특별시 마포구 독막로 지하85","서울특별시 마포구 상수동 309-10 상수역","37.5477090000","126.9229580000","050000","010000","050000","010000","050000","000000","000000","20241024","18771265","서울도시철도엔지니어링(주)","18771265","20260410"
"1100000000","서울특별시","TL624","6호선 광흥창","광흥창역 B1층 1, 2번 출구 방면 (만남의 광장)","9","서울특별시","마포구","서울특별시 마포구 독막로 지하165","서울특별시 마포구 창전동 145-17 광흥창역","37.5475030000","126.9313410000","050000","010000","050000","010000","050000","000000","000000","20241024","18771265","서울도시철도엔지니어링(주)","18771265","20260410"
"1100000000","서울특별시","TL625","6호선 대흥","대흥역 B2층 만남의 광장 주변","9","서울특별시","마포구","서울특별시 마포구 대흥로 지하85","서울특별시 마포구 대흥동 128-1 대흥역","37.5477240000","126.9422770000","050000","010000","050000","010000","050000","000000","000000","20241024","18771265","서울도시철도엔지니어링(주)","18771265","20260410"
"1100000000","서울특별시","TL626A","6호선 공덕(1~21)","공덕역 B1층 6, 7번 출구 방면 공덕역","21","서울특별시","마포구","서울특별시 마포구 마포대로 지하100","서울특별시 마포구 공덕동 423-29 공덕역","37.5432460000","126.9524280000","050000","010000","050000","010000","050000","000000","000000","20240923","18771265","서울도시철도엔지니어링(주)","18771265","20260410"
"1100000000","서울특별시","TL626B","5호선 공덕(22~43)","공덕역 B1층 2번 5번 출구 방면","22","서울특별시","마포구","서울특별시 마포구 마포대로 지하100","서울특별시 마포구 공덕동 423-29 공덕역","37.5443700000","126.9514590000","050000","010000","050000","010000","050000","000000","000000","20240923","18771265","서울도시철도엔지니어링(주)","18771265","20260410"
"1100000000","서울특별시","TL627","6호선 효창공원앞","효창공원앞역 B1층 1번 출구 방면","9","서울특별시","용산구","서울특별시 용산구 백범로 지하287","서울특별시 용산구 효창동 80 6호선 효창공원역","37.5392630000","126.9612420000","050000","010000","050000","010000","050000","000000","000000","20240923","18771265","서울도시철도엔지니어링(주)","18771265","20260410"
"1100000000","서울특별시","TL629","6호선 녹사평","녹사평역 B1층 E/V 주변 (편의점 (7-ELEVEN) 주변)","21","서울특별시","용산구","서울특별시 용산구 녹사평대로 지하195","서울특별시 용산구 용산동4가 4 6호선 녹사평역","37.5347680000","126.9864300000","050000","010000","050000","010000","050000","000000","000000","20241021","18771265","서울도시철도엔지니어링(주)","18771265","20260410"
"1100000000","서울특별시","TL630A","6호선 이태원(1~21)","이태원역 B1층 화장실 주변","21","서울특별시","용산구","서울특별시 용산구 이태원로 지하177","서울특별시 용산구 이태원동 119-23 6호선 이태원역","37.5344240000","126.9937130000","050000","010000","050000","010000","050000","000000","000000","20230322","18771265","서울도시철도엔지니어링(주)","18771265","20260410"
"1100000000","서울특별시","TL630B","6호선 이태원(22~51)","이태원역 B1층 화장실 앞","30","서울특별시","용산구","서울특별시 용산구 이태원로 지하177","서울특별시 용산구 이태원동 119-23 6호선 이태원역","37.5344270000","126.9937380000","050000","010000","050000","010000","050000","000000","000000","20230322","18771265","서울도시철도엔지니어링(주)","18771265","20260410"
"1100000000","서울특별시","TL632","6호선 버티고개","버티고개역 B1층 2번 출구 방면 (화장실 주변)","9","서울특별시","중구","서울특별시 중구 다산로 지하38","서울특별시 중구 신당동 366-454 버티고개역 6호선","37.5482040000","127.0072090000","050000","010000","050000","010000","050000","000000","000000","20241021","18771265","서울도시철도엔지니어링(주)","18771265","20260410"
"1100000000","서울특별시","TL637","6호선 창신","창신역 B1층 4번 출구 방면","9","서울특별시","종로구","서울특별시 종로구 지봉로 지하112","서울특별시 종로구 창신동 20-8 6호선 창신역","37.5796940000","127.0152390000","050000","010000","050000","010000","050000","000000","000000","20241016","18771265","서울도시철도엔지니어링(주)","18771265","20260410"
"1100000000","서울특별시","TL638","6호선 보문","보문역 B1층 5~8번 출구 방면","9","서울특별시","성북구","서울특별시 성북구 보문로 지하116","서울특별시 성북구 보문동1가 127-1 보문역","37.5853360000","127.0194750000","050000","010000","050000","010000","050000","000000","000000","20241016","18771265","서울도시철도엔지니어링(주)","18771265","20260410"
"1100000000","서울특별시","TL639","6호선 안암","안암역 B1층 3, 4번 출구 방면","13","서울특별시","성북구","서울특별시 성북구 고려대로 지하89","서울특별시 성북구 안암동5가 146-1 안암역","37.5862340000","127.0289180000","050000","010000","050000","010000","050000","000000","000000","20241016","18771265","서울도시철도엔지니어링(주)","18771265","20260410"
"1100000000","서울특별시","TL640","6호선 고려대","고려대역 B1층 5, 6번 출구 방면 (자전거 보관함 주변)","13","서울특별시","성북구","서울특별시 성북구 종암로 지하1","서울특별시 성북구 종암동 29-18 고려대역","37.5899630000","127.0361310000","050000","010000","050000","010000","050000","000000","000000","20241014","18771265","서울도시철도엔지니어링(주)","18771265","20260410"
"1100000000","서울특별시","TL641","6호선 월곡","월곡역 B1층 화장실 주변","13","서울특별시","성북구","서울특별시 성북구 월곡로 지하107","서울특별시 성북구 하월곡동 35-1 월곡역","37.6022150000","127.0417760000","050000","010000","050000","010000","050000","000000","000000","20241014","18771265","서울도시철도엔지니어링(주)","18771265","20260410"
"1100000000","서울특별시","TL642","6호선 상월곡","상월곡역 B2층 1, 4번 출구 방면(화장실 주변)","9","서울특별시","성북구","서울특별시 성북구 화랑로 지하157","서울특별시 성북구 상월곡동 26-1 상월곡역","37.6060170000","127.0478410000","050000","010000","050000","010000","050000","000000","000000","20241012","18771265","서울도시철도엔지니어링(주)","18771265","20260410"
"1100000000","서울특별시","TL643","6호선 돌곶이","돌곶이역 B1층 5~8번 출구 방면 (화장실 주변)","9","서울특별시","성북구","서울특별시 성북구 화랑로 지하243","서울특별시 성북구 석관동 349-8 돌곶이역","37.6107610000","127.0570800000","050000","010000","050000","010000","050000","000000","000000","20241012","18771265","서울도시철도엔지니어링(주)","18771265","20260410"
"1100000000","서울특별시","TL646","6호선 화랑대","화랑대역 B1층 1~4번 출구 방면(자전거보관함 주변)","13","서울특별시","노원구","서울특별시 노원구 화랑로 지하510","서울특별시 노원구 공릉동 285-2 화랑대역 6호선","37.6198960000","127.0842740000","050000","010000","050000","010000","050000","000000","000000","20241010","18771265","서울도시철도엔지니어링(주)","18771265","20260410"
"1100000000","서울특별시","TL647","6호선 봉화산","봉화산역 B1층 3번 출구 방면","9","서울특별시","중랑구","서울특별시 중랑구 신내로 지하232","서울특별시 중랑구 신내동 643-1 봉화산역","37.6168400000","127.0923310000","050000","010000","050000","010000","050000","000000","000000","20241010","18771265","서울도시철도엔지니어링(주)","18771265","20260410"
"1100000000","서울특별시","TL710","7호선 도봉산","도봉산역 2번 출구 방면 (출입구 주변)","9","서울특별시","도봉구","서울특별시 도봉구 도봉로 964-40","서울특별시 도봉구 도봉동 38-3 도봉산역7호선","37.6890440000","127.0460990000","050000","010000","050000","010000","050000","000000","000000","20241009","18771265","서울도시철도엔지니어링(주)","18771265","20260410"
"1100000000","서울특별시","TL711","7호선 수락산","수락산역 B2층 5, 6번 방면 (편의점(GS25) 주변)","9","서울특별시","노원구","서울특별시 노원구 동일로 지하1662","서울특별시 노원구 상계동 1132-9 수락산역","37.6780600000","127.0552910000","050000","010000","050000","010000","050000","000000","000000","20241009","18771265","서울도시철도엔지니어링(주)","18771265","20260410"
"1100000000","서울특별시","TL712","7호선 마들","마들역 B1층 4, 5번 출구 방면","13","서울특별시","노원구","서울특별시 노원구 동일로 지하1530-1","서울특별시 노원구 상계동 650 마들역","37.6644530000","127.0578610000","050000","010000","050000","010000","050000","000000","000000","20241009","18771265","서울도시철도엔지니어링(주)","18771265","20260410"
"1100000000","서울특별시","TL714","7호선 중계","중계역 B1층 1, 2번 출구 방면","13","서울특별시","노원구","서울특별시 노원구 동일로 지하1308-1","서울특별시 노원구 중계동 503-3 중계역","37.6455170000","127.0638910000","050000","010000","050000","010000","050000","000000","000000","20241009","18771265","서울도시철도엔지니어링(주)","18771265","20260410"
"1100000000","서울특별시","TL715","7호선 하계","하계역 B1층 2~5번 출구 (화장실 주변)","13","서울특별시","노원구","서울특별시 노원구 동일로 지하1196","서울특별시 노원구 하계동 273-5 하계역","37.6358830000","127.0682350000","050000","010000","050000","010000","050000","000000","000000","20241010","18771265","서울도시철도엔지니어링(주)","18771265","20260410"
"1100000000","서울특별시","TL716","7호선 공릉","공릉역 B1층 1~4번 출구 (화장실 주변)","13","서울특별시","노원구","서울특별시 노원구 동일로 지하1074","서울특별시 노원구 공릉동 385-4 공릉역","37.6255170000","127.0730480000","050000","010000","050000","010000","050000","000000","000000","20241010","18771265","서울도시철도엔지니어링(주)","18771265","20260410"
"1100000000","서울특별시","TL717","7호선 태릉입구","태릉입구역 B3층 3, 4번 출구 방면 (E/S, E/V 주변)","13","서울특별시","노원구","서울특별시 노원구 동일로 지하992-1","서울특별시 노원구 공릉동 616-4 태릉입구역","37.6178530000","127.0755150000","050000","010000","050000","010000","050000","000000","000000","20241010","18771265","서울도시철도엔지니어링(주)","18771265","20260410"
"1100000000","서울특별시","TL718","7호선 먹골","먹골역 B1층 1, 2번 출구 방면 (화장실 주변)","9","서울특별시","중랑구","서울특별시 중랑구 동일로 지하901","서울특별시 중랑구 묵동 189-5 먹골역","37.6111410000","127.0776500000","050000","010000","050000","010000","050000","000000","000000","20241010","18771265","서울도시철도엔지니어링(주)","18771265","20260410"
"1100000000","서울특별시","TL719","7호선 중화","중화역 B1층 1, 4번 출구 방면 (만남의 광장 주변)","13","서울특별시","중랑구","서울특별시 중랑구 동일로 지하797","서울특별시 중랑구 중화동 50-3 중화역","37.6031210000","127.0791590000","050000","010000","050000","010000","050000","000000","000000","20241010","18771265","서울도시철도엔지니어링(주)","18771265","20260410"
"1100000000","서울특별시","TL720","7호선 상봉","상봉역 B1층 1, 2, 5, 6번 출구 방면","21","서울특별시","중랑구","서울특별시 중랑구 망우로 297","서울특별시 중랑구 상봉동 100-9 상봉역","37.5962740000","127.0854850000","050000","010000","050000","010000","050000","000000","000000","20241010","18771265","서울도시철도엔지니어링(주)","18771265","20260410"
"1100000000","서울특별시","TL721","7호선 면목","면목역 B1층 1번 출구 방면(쉼터 주변)","13","서울특별시","중랑구","서울특별시 중랑구 면목로 지하407","서울특별시 중랑구 면목동 282-6 면목역","37.5888980000","127.0874010000","050000","010000","050000","010000","050000","000000","000000","20241012","18771265","서울도시철도엔지니어링(주)","18771265","20260410"
"1100000000","서울특별시","TL722","7호선 사가정","사가정역 B1층3, 4번 출구 방면 (게이트 주변)","13","서울특별시","중랑구","서울특별시 중랑구 사가정로 지하393","서울특별시 중랑구 면목동 495 사가정역","37.5805740000","127.0884180000","050000","010000","050000","010000","050000","000000","000000","20241012","18771265","서울도시철도엔지니어링(주)","18771265","20260410"
"1100000000","서울특별시","TL723","7호선 용마산","용마산역 B1층 만남의 광장 (편의점(GS25) 주변, 게이트 정면)","9","서울특별시","중랑구","서울특별시 중랑구 용마산로 지하227","서울특별시 중랑구 면목동 1316-5 용마산역","37.5738790000","127.0869210000","050000","010000","050000","010000","050000","000000","000000","20241012","18771265","서울도시철도엔지니어링(주)","18771265","20260410"
"1100000000","서울특별시","TL724","7호선 중곡","중곡역 B2층 게이트 주변","9","서울특별시","광진구","서울특별시 광진구 능동로 지하417","서울특별시 광진구 중곡동 273-2 7호선 중곡역","37.5661590000","127.0844720000","050000","010000","050000","010000","050000","000000","000000","20241012","18771265","서울도시철도엔지니어링(주)","18771265","20260410"
"1100000000","서울특별시","TL726","7호선 어린이대공원","어린이대공원역 B1층 1, 6번 출구 방면","13","서울특별시","광진구","서울특별시 광진구 능동로 지하210","서울특별시 광진구 화양동 164-1 7호선 어린이대공원역","37.5484610000","127.0749830000","050000","010000","050000","010000","050000","000000","000000","20241012","18771265","서울도시철도엔지니어링(주)","18771265","20260410"
"1100000000","서울특별시","TL728","7호선 자양","뚝섬유원지역 2층 2, 3번 출구 방면 (게이트 정면)","18","서울특별시","광진구","서울특별시 광진구 능동로 10","서울특별시 광진구 자양동 73-2 자양(뚝섬한강공원)역","37.5311490000","127.0665160000","050000","010000","050000","010000","050000","000000","000000","20240909","18771265","서울도시철도엔지니어링(주)","18771265","20260410"
"1100000000","서울특별시","TL729A","7호선 청담(1~13)","청담역  B3층 12번 출구 방면 (편의점(GS25) 주변)","13","서울특별시","강남구","서울특별시 강남구 학동로 지하508","서울특별시 강남구 청담동 77-76 청담역","37.5196820000","127.0550570000","050000","010000","050000","010000","050000","000000","000000","20240919","18771265","서울도시철도엔지니어링(주)","18771265","20260410"
"1100000000","서울특별시","TL729B","7호선 청담(14~26)","청담역 B3층 6~9번 방면 (쉼터, 화장품 및 편의점 주변)","13","서울특별시","강남구","서울특별시 강남구 학동로 지하508","서울특별시 강남구 청담동 77-76 청담역","37.5188790000","127.0508010000","050000","010000","050000","010000","050000","000000","000000","20240919","18771265","서울도시철도엔지니어링(주)","18771265","20260410"
"1100000000","서울특별시","TL730","7호선 강남구청","강남구청역 B2층 화장실 주변","17","서울특별시","강남구","서울특별시 강남구 학동로 지하346","서울특별시 강남구 삼성동 111-44 강남구청역","37.5172550000","127.0415270000","050000","010000","050000","010000","050000","000000","000000","20240919","18771265","서울도시철도엔지니어링(주)","18771265","20260410"
"1100000000","서울특별시","TL731","7호선 학동","학동역 B2층 1, 2번 출구 화장실 주변","17","서울특별시","강남구","서울특별시 강남구 학동로 지하180","서울특별시 강남구 논현동 279-67 학동역","37.5139460000","127.0307490000","050000","010000","050000","010000","050000","000000","000000","20240922","18771265","서울도시철도엔지니어링(주)","18771265","20260410"
"1100000000","서울특별시","TL732","7호선 논현","논현역 B1층 7~8번 출구 방면 (편의점(GS25) 주변)","17","서울특별시","강남구","서울특별시 강남구 학동로 지하102","서울특별시 강남구 논현동 279-67 논현역","37.5111570000","127.0214540000","050000","010000","050000","010000","050000","000000","000000","20240925","18771265","서울도시철도엔지니어링(주)","18771265","20260410"
"1100000000","서울특별시","TL733","7호선 반포","반포역 B1층 1, 2번 출구 방면","9","서울특별시","서초구","서울특별시 서초구 신반포로 지하241","서울특별시 서초구 잠원동 103 반포역","37.5081460000","127.0117600000","050000","010000","050000","010000","050000","000000","000000","20240919","18771265","서울도시철도엔지니어링(주)","18771265","20260410"
"1100000000","서울특별시","TL735","7호선 내방","내방역 B1층 대합실 (편의점(GS25) 주변)","13","서울특별시","서초구","서울특별시 서초구 서초대로 지하103","서울특별시 서초구 방배동 874-16 내방역","37.4876500000","126.9936380000","050000","010000","050000","010000","050000","000000","000000","20240929","18771265","서울도시철도엔지니어링(주)","18771265","20260410"
"1100000000","서울특별시","TL736","7호선 이수","이수역 B1층 5, 6번 출구 방면 (공연무대 주변)","17","서울특별시","동작구","서울특별시 동작구 사당로 지하310","서울특별시 동작구 사당동 144-4 이수역(7호선)","37.4853470000","126.9821890000","050000","010000","050000","010000","050000","000000","000000","20240924","18771265","서울도시철도엔지니어링(주)","18771265","20260410"
"1100000000","서울특별시","TL737","7호선 남성","남성역 B1층 2번 출구 방면","9","서울특별시","동작구","서울특별시 동작구 사당로 지하218","서울특별시 동작구 사당동 산25-33 남성역 7호선","37.4844560000","126.9715820000","050000","010000","050000","010000","050000","000000","000000","20240929","18771265","서울도시철도엔지니어링(주)","18771265","20260410"
"1100000000","서울특별시","TL738","7호선 숭실대입구","숭실대입구역 B1층 1, 2번 출구 방면 (편의점(GS25) 주변)","13","서울특별시","동작구","서울특별시 동작구 상도로 지하378","서울특별시 동작구 상도동 514 7호선 숭실대입구역","37.4956760000","126.9541530000","050000","010000","050000","010000","050000","000000","000000","20240929","18771265","서울도시철도엔지니어링(주)","18771265","20260410"
"1100000000","서울특별시","TL739","7호선 상도","상도역 B1층 1~5번 출구 방면 (B2층 계단 주변)","9","서울특별시","동작구","서울특별시 동작구 상도로 지하272","서울특별시 동작구 상도1동 702-1 상도역(중대입구역)7호선","37.5030270000","126.9477700000","050000","010000","050000","010000","050000","000000","000000","20240929","18771265","서울도시철도엔지니어링(주)","18771265","20260410"
"1100000000","서울특별시","TL740","7호선 장승배기","장승배기역 B1층 1, 2번 출구 방면","9","서울특별시","동작구","서울특별시 동작구 상도로 지하188","서울특별시 동작구 상도동 26-20 장승배기역","37.5046810000","126.9388050000","050000","010000","050000","010000","050000","000000","000000","20240930","18771265","서울도시철도엔지니어링(주)","18771265","20260410"
"1100000000","서울특별시","TL741","7호선 신대방삼거리","신대방삼거리역 B2층 화장실 주변","13","서울특별시","동작구","서울특별시 동작구 상도로 지하76","서울특별시 동작구 대방동 406-10 7호선 신대방삼거리역","37.4997450000","126.9275460000","050000","010000","050000","010000","050000","000000","000000","20240930","18771265","서울도시철도엔지니어링(주)","18771265","20260410"
"1100000000","서울특별시","TL742","7호선 보라매","보라매역 B1층 4번 출구 방면","13","서울특별시","동작구","서울특별시 동작구 상도로 지하2","서울특별시 동작구 대방동 466-51 7호선 보라매역","37.4998910000","126.9200500000","050000","010000","050000","010000","050000","000000","000000","20240930","18771265","서울도시철도엔지니어링(주)","18771265","20260410"
"1100000000","서울특별시","TL743","7호선 신풍","신풍역 B1층 2, 3번 출구 방면","13","서울특별시","영등포구","서울특별시 영등포구 신풍로 지하27","서울특별시 영등포구 신길동 3599 신풍역","37.5000820000","126.9091440000","050000","010000","050000","010000","050000","000000","000000","20240930","18771265","서울도시철도엔지니어링(주)","18771265","20260410"
"1100000000","서울특별시","TL745","7호선 남구로","남구로역 B1층 게이트 주변 (2~5번 출구)","13","서울특별시","구로구","서울특별시 구로구 도림로 지하7","서울특별시 구로구 구로동 801-95 남구로역","37.4852960000","126.8866320000","050000","010000","050000","010000","050000","000000","000000","20241001","18771265","서울도시철도엔지니어링(주)","18771265","20260410"
"1100000000","서울특별시","TL749","7호선 천왕","천왕역 B1층 1, 3번 출구 방면 (화장실 맞은편)","9","서울특별시","구로구","서울특별시 구로구 오리로 지하1154","서울특별시 구로구 천왕동 14-25 천왕역","37.4863490000","126.8389470000","050000","010000","050000","010000","050000","000000","000000","20240930","18771265","서울도시철도엔지니어링(주)","18771265","20260410"
"1100000000","서울특별시","TL810","8호선 암사","암사역 B1층 4번 출구 방면","9","서울특별시","강동구","서울특별시 강동구 올림픽로 지하776","서울특별시 강동구 암사동 501 암사역","37.5501920000","127.1275270000","050000","010000","050000","010000","050000","000000","000000","20240909","18771265","서울도시철도엔지니어링(주)","18771265","20260410"
"1100000000","서울특별시","TL812","8호선 강동구청","강동구청역 B1층 1~5번 출구 방면 (편의점(7-ELEVEN) 주변)","9","서울특별시","강동구","서울특별시 강동구 올림픽로 지하550","서울특별시 강동구 성내동 319 강동구청역","37.5306210000","127.1205820000","050000","010000","050000","010000","050000","000000","000000","20240909","18771265","서울도시철도엔지니어링(주)","18771265","20260410"
"1100000000","서울특별시","TL813","8호선 몽촌토성","몽촌토성역 B1층 1~5번 출구 방면 (편의점(7-ELEVEN) 주변)","9","서울특별시","송파구","서울특별시 송파구 올림픽로 지하383","서울특별시 송파구 신천동 19 몽촌토성역","37.5176640000","127.1127530000","050000","010000","050000","010000","050000","000000","000000","20240909","18771265","서울도시철도엔지니어링(주)","18771265","20260410"
"1100000000","서울특별시","TL815A","8호선 석촌(1~9)","석촌역 B1층 7, 8번 출구 방면 (편의점(7-ELEVEN) 주변)","9","서울특별시","송파구","서울특별시 송파구 송파대로 지하439","서울특별시 송파구 석촌동 209 석촌역","37.5054410000","127.1069180000","050000","010000","050000","010000","050000","000000","000000","20240910","18771265","서울도시철도엔지니어링(주)","18771265","20260410"
"1100000000","서울특별시","TL815B","9호선 석촌(10~18)","5,6번 출입구 방향","9","서울특별시","송파구","서울특별시 송파구 백제고분로 지하368","서울특별시 송파구 석촌동 209 석촌역","37.5050320000","127.1070710000","050000","010000","050000","010000","050000","000000","000000","20240910","18771265","서울도시철도엔지니어링(주)","18771265","20260410"
"1100000000","서울특별시","TL816","8호선 송파","송파역 B1층 화장실 주변","9","서울특별시","송파구","서울특별시 송파구 송파대로 지하354","서울특별시 송파구 가락동 459-4 송파역","37.4993880000","127.1125180000","050000","010000","050000","010000","050000","000000","000000","20240910","18771265","서울도시철도엔지니어링(주)","18771265","20260410"
"1100000000","서울특별시","TL818","8호선 문정","문정역 B1층 3, 4번 출구 방면","9","서울특별시","송파구","서울특별시 송파구 송파대로 지하179","서울특별시 송파구 문정동 119-4 문정역","37.4864870000","127.1221730000","050000","010000","050000","010000","050000","000000","000000","20240910","18771265","서울도시철도엔지니어링(주)","18771265","20260410"
"1100000000","서울특별시","TL819","8호선 장지","장지역 B1층 3번 출구 방면 (화장실 주변)","13","서울특별시","송파구","서울특별시 송파구 송파대로 지하82","서울특별시 송파구 장지동 201-5 장지역","37.4785760000","127.1262470000","050000","010000","050000","010000","050000","000000","000000","20240910","18771265","서울도시철도엔지니어링(주)","18771265","20260410"
"1100000000","서울특별시","TL820","8호선 복정","복정역 B1층 1, 2번 출구 방면","13","서울특별시","송파구","서울특별시 송파구 송파대로 지하6","서울특별시 송파구 장지동 596-21 복정역","37.4711940000","127.1267970000","050000","010000","050000","010000","050000","000000","000000","20240918","18771265","서울도시철도엔지니어링(주)","18771265","20260410"
"1100000000","서울특별시","TL931","9호선 삼전","1,4번 출입구 주변","9","서울특별시","송파구","서울특별시 송파구 백제고분로 지하189","서울특별시 송파구 잠실동 347 삼전역","37.5043700000","127.0875700000","050000","010000","050000","010000","050000","000000","000000","20240919","18771265","서울도시철도엔지니어링(주)","18771265","20260410"
"1100000000","서울특별시","TL932","9호선 석촌고분","1번 출입구 방향","9","서울특별시","송파구","서울특별시 송파구 백제고분로 지하274","서울특별시 송파구 삼전동 157-1 석촌고분역","37.5026850000","127.0971250000","050000","010000","050000","010000","050000","000000","000000","20240919","18771265","서울도시철도엔지니어링(주)","18771265","20260410"
"1100000000","서울특별시","TL934","9호선 송파나루","지하1층  상가 맞은편","9","서울특별시","송파구","서울특별시 송파구 백제고분로 지하446","서울특별시 송파구 방이동 2 송파나루역","37.5104940000","127.1122150000","050000","010000","050000","010000","050000","000000","000000","20240909","18771265","서울도시철도엔지니어링(주)","18771265","20260410"
"1100000000","서울특별시","TL935","9호선 한성백제","2번 출입구 방향 복도","9","서울특별시","송파구","서울특별시 송파구 위례성대로 지하29","서울특별시 송파구 방이동 88-17 한성백제역","37.5165140000","127.1162454000","050000","010000","050000","010000","050000","000000","000000","20240909","18771265","서울도시철도엔지니어링(주)","18771265","20260410"
"1100000000","서울특별시","TL937","9호선 둔촌오륜","1,2번 출입구 복도","9","서울특별시","강동구","서울특별시 강동구 강동대로 지하303","서울특별시 강동구 둔촌동 227-7 둔촌오륜역","37.5194390000","127.1385090000","050000","010000","050000","010000","050000","000000","000000","20240909","18771265","서울도시철도엔지니어링(주)","18771265","20260410"
"1100000000","서울특별시","TL938","9호선 중앙보훈병원","3번 출입구 주변","9","서울특별시","강동구","서울특별시 강동구 동남로 지하625","서울특별시 강동구 둔촌동 8-1 중앙보훈병원역","37.5291100000","127.1487360000","050000","010000","050000","010000","050000","000000","000000","20240909","18771265","서울도시철도엔지니어링(주)","18771265","20260410"
"1100000000","서울특별시","TLP142","7호선 가산디지털","가산디지털역 B1층 화장실 주변 (2~4번 출구)","26","서울특별시","금천구","서울특별시 금천구 벚꽃로 309","서울특별시 금천구 가산동 468-4 가산디지털단지역","37.4804820000","126.8831760000","050000","010000","050000","010000","050000","000000","000000","20241001","18771265","서울도시철도엔지니어링(주)","18771265","20260410"
"1100000000","서울특별시","TLP549","5호선 둔촌동","둔촌동역 B1층 편의점(7-ELEVEN) 주변","13","서울특별시","강동구","서울특별시 강동구 양재대로 지하1369","서울특별시 강동구 둔촌동 416 둔촌역","37.5275390000","127.1361250000","050000","010000","050000","010000","050000","000000","000000","20240909","18771265","서울도시철도엔지니어링(주)","18771265","20260410"
"1100000000","서울특별시","TLP550","5호선 굽은다리","굽은다리역 B1층 1, 2번 출구 방면","13","서울특별시","강동구","서울특별시 강동구 양재대로 지하1572","서울특별시 강동구 명일동 345-12 굽은다리역","37.5458360000","127.1429740000","050000","010000","050000","010000","050000","000000","000000","20240909","18771265","서울도시철도엔지니어링(주)","18771265","20260410"
"1100000000","서울특별시","TLP551","5호선 방이","방이역 B1층 1번 출구 방면 (판매기실 옆)","9","서울특별시","송파구","서울특별시 송파구 양재대로 지하1127","서울특별시 송파구 방이동 217-2 방이역","37.5086590000","127.1260790000","050000","010000","050000","010000","050000","000000","000000","20240909","18771265","서울도시철도엔지니어링(주)","18771265","20260410"
"1100000000","서울특별시","TLP553","5호선 개롱","개롱역 B1층 1, 4번 출구 방면","9","서울특별시","송파구","서울특별시 송파구 오금로 지하402","서울특별시 송파구 가락동 165-2 개롱역","37.4982570000","127.1344530000","050000","010000","050000","010000","050000","000000","000000","20240909","18771265","서울도시철도엔지니어링(주)","18771265","20260410"
"1100000000","서울특별시","TLP554","5호선 거여","거여역 B2층  2번 출구 방면 (창고 옆)","9","서울특별시","송파구","서울특별시 송파구 오금로 지하499","서울특별시 송파구 거여동 20-14 거여역","37.4932090000","127.1440210000","050000","010000","050000","010000","050000","000000","000000","20240909","18771265","서울도시철도엔지니어링(주)","18771265","20260410"
"1100000000","서울특별시","TLP555","5호선 마천","마천역 B1층 만남의 광장 주변(1번출구 근처)","9","서울특별시","송파구","서울특별시 송파구 마천로57길 지하7","서울특별시 송파구 마천동 307-4 마천역","37.4947780000","127.1524860000","050000","010000","050000","010000","050000","000000","000000","20240909","18771265","서울도시철도엔지니어링(주)","18771265","20260410"